filename,speaker,category,reference,hypothesis,wer
Abdullah_A01.wav,Abdullah,A,"Kal sham tak saray documents media par nashar kar diye jayen ge, is mein koi delay nahi honi chahiye.",کل شام تک سارے دکومٹس میڈیا پنے شر کر دیا جنگے اس میں کوئی دلے نہیں ہونا چاہی ہے,1
Abdullah_A02.wav,Abdullah,A,"Yeh meeting abhi cancel nahi hogi, boss ne personally confirm kiya hai aur sab ko attend karna hoga.",یہ میٹنگ ابھی کنسل نہیں ہوگی بوز نے پرسنلی کنفرم کیا ہے اور سب کو اٹن کرنا ہوگا,1
Abdullah_A03.wav,Abdullah,A,"Project ka final review kal subah hoga, isliye aaj raat tak apna kaam complete kar lo aur tayar raho.",پروجیکٹ کا فائنیلی بیو کل سبہ ہوگا اس لیے آج رال تک اپنا کام کمکلیٹ کرلو اور تیارہ ہو,1
Abdullah_A04.wav,Abdullah,A,"Uska performance is semester mein kaafi improve hua hai, professors bhi usse appreciate kar rahe hain.",اس کا پر فومس اس مستر میں کافیم برو ہوا ہے بروفسس بھی اسے اپریشیٹ کر رہے ہیں,1.125
Abdullah_A05.wav,Abdullah,A,"System crash ho gaya tha isliye sara data delete ho gaya, ab se regular backup lena zaroori hai.",سسٹم کراش ہو گیا تھا اسلے سارہ دیٹر دلیٹ ہو گیا اب سے رگولر بیٹھ پلے نظ روی ہے,1.055555556
Abdullah_A06.wav,Abdullah,A,"Mujhe yeh project deadline tak submit karna hai, warna marks cut ho jayenge aur GPA affect hoga.",مجھے یہ پروجیک دللائن تک سمیڈ کروانا ہے بندہ مارکس کٹھ ہو جنگے اور جپی افیکٹ ہو گا,1.058823529
Abdullah_A07.wav,Abdullah,A,"Woh bahut professional banda hai, usse seriously lo aur uski feedback ko ignore mat karo bilkul.",وہ بہت پر فیشنل مندہ ہے اس سے سیریس لیلو اور اس کی فیڈ بیک کو اگنور مد کرو بلکول,1.25
Abdullah_A08.wav,Abdullah,A,"Yeh issue abhi tak resolve nahi hua, please follow up karo aur team ko kal tak update karte rehna.",یہ اشو ابھی تک ریزوال نہیں ہوا، پلیس فولو آپ پر اور ٹیم کو قلتق اب دید کرتے رہنا,1
Abdullah_A09.wav,Abdullah,A,"Mera laptop ki battery bohot jaldi low ho jati hai, agar charger hai to please lao warna kaam ruk jayega.",ایک ایک ایک ایک ایک ایک ایک ایک ایک ایک ایک ایک ایک ایک ایک ایک ایک ایک ایک ایک ایک ایک ایک ایک ایک ایک ایک ایک ایک ایک ایک ایک ایک ایک ایک ایک ایک ایک ایک ایک ایک ایک ایک ایک ایک ایک ایک ایک ایک ایک ایک ایک ایک ایک ایک ایک ایک ایک ایک ایک ایک ایک ایک ایک ایک ایک ایک ایک ایک ایک ایک ایک ایک ایک ایک ایک ایک ایک ایک ایک ایک ایک ایک ایک ایک ایک ایک ایک ایک ایک ایک ایک ایک ایک ایک ایک ایک ایک ایک ایک ایک ایک ایک ایک ایک ایک ایک ایک ایک ایک ایک ایک ایک ایک ایک ایک ایک ایک ایک ایک ایک ایک ایک ایک ایک ایک ایک ایک ایک ایک ایک ایک ایک ایک ایک ایک ایک ایک ایک ایک ایک ایک ایک ایک ایک ایک ایک ایک ایک ایک ایک ایک ایک ایک ایک ایک ایک ایک ایک ایک ایک ایک ایک ایک ایک ایک ایک ایک ایک ایک ایک ایک ایک ایک ایک ایک ایک ایک ایک ایک ایک ایک ایک ایک ایک ایک ایک ایک ایک ایک ایک ایک ایک ایک ایک ایک ایک ایک ایک ایک ایک ایک ایک ایک ایک ایک ایک ایک ایک ایک ایک ایک ایک ایک ایک ایک ایک ایک ایک ایک ایک ایک,11.1
Abdullah_A10.wav,Abdullah,A,"Assignment ka deadline extend hua kya is bar, kyunki main kuch din se bohot busy tha aur poora nahi ho paya.",سائنمان کا دلائن ایک سٹرنڈ ہوا کیا اس بار کیونکہ میں کچھ دن سے بہت بیزی تھا اور پورا نہیں ہوا پیا,1.047619048
Abdullah_B01.wav,Abdullah,B,Maine usse baar baar clearly explain kiya tha lekin usne properly respond nahi kiya aur ab poora project stuck ho gaya hai.,میں نے اسے بار بار کلیڈ اکسپلیں کیا تھا لیکن اس نے پلوپلی رسپان نہیں کیا اور اب پورا پروجکسٹک ہو گیا ہے,1.045454545
Abdullah_B02.wav,Abdullah,B,"Deadline extend nahi hogi is bar, tum apna remaining work aaj raat hi complete karke tonight submit kar do please.",دیدلین اکسٹن نہیں ہو گا ایس بار تم اپنا ریمینگ وک آج رادتا کہ ہی کمپلیٹ کرکے تو نیٹ سرمیٹ کرک دو پلیس,1.15
Abdullah_B03.wav,Abdullah,B,Yeh approach technically correct lag rahi hai lekin practically implement karna bohot mushkil hoga available limited resources ke saath.,یہ پر اوش ٹیکنی کلی پرکٹ لکری ہے لیکن پرکٹیگل ایمپلیمنٹ فرنہ بہت مشکل ہوگا اویلی بلیمٹر دیسورس اس کا ساتھ,1.105263158
Abdullah_B04.wav,Abdullah,B,Usne presentation to deliver kar di lekin saare key points theek se cover hi nahi kiye the aur audience kaafi confused ho gayi.,اُس نے پریزنٹیشن تو دیلیور کر دی لیکن سارے کی پونس ٹیک سے قبر ہی نہیں کیے تھے اور آڈیاز کافی کنفیوز دو گئی۔,1.043478261
Abdullah_B05.wav,Abdullah,B,"Report ko achhi tarah finalize karo aur phir manager ko detailed email kar do, yeh sab kuch before evening ho jana chahiye.",پیپورٹ کو اچھی طرح فائنیلیس گارڈو اور پیر مینجر کوڑیٹیٹل ایمیل کر دو یہ سب کچھ پیفور ایوینگ ہو جنا چاہی ہے,1
Abdullah_B06.wav,Abdullah,B,"Dataset collection ke liye hum Google Forms use kar sakte hain, it is the easiest option aur sab ke liye equally accessible bhi hai.",دیتا سٹ کلیکشن کے لئے ہم گوگل فارمز يوز کر سکتے ہیں its the easiest option اور سب کے لئے ایکو لئے سسے بل بھی ہے,0.958333333
Abdullah_B07.wav,Abdullah,B,"Internship ke liye abhi apply karo, the deadline is next Friday aur online form available hai, is baar late mat karna bilkul.",انطنشپ کے لئے بھی اپلایک اور اوڑھ دردلین اس نکس پریڈے اور اوڑلین فارم اویلبل ہے اس بلیت مٹ کنہ بلکول,1
Abdullah_B08.wav,Abdullah,B,"Research paper submit karne se pehle achhi tarah plagiarism check karo, journal ke strict rules hain aur rejection afford nahi kar sakte.",دیسرچ پیپر سرمیٹ کرنے سے پہلے اچھی طرحہ پلیجریزم چیک کرو جننل کے سٹریق دولز ہیں اور ایجیکشن افوڑ نہیں کر سکتے,1
Abdullah_B09.wav,Abdullah,B,Usne interview mein confidently sawal to answer kiye lekin technical questions pe stuck ho gaya aur interviewer clearly impressed nahi tha.,اس نے انٹریبیوں میں کون فیڈنلی سوال تو آنسر کی لیکن ٹیکنیٹل کسینس پڑ سٹک ہو گیا اور انٹریبیور کلیڈی ایم پرست نہیں تھا,1.142857143
Abdullah_B10.wav,Abdullah,B,Team ne feature successfully implement kar diya lekin testing phase mein multiple critical bugs nikle jo pehle notice hi nahi hue the.,ٹیم نے فیچھر سکسسپولی امپلیمنٹ کر دیا لیکن ٹیسٹین فیز میں ملٹیپل کریٹکل بگز نکلے جو پہلے نوٹیز ہی نہیں ہوا تھے,1
Abdullah_C01.wav,Abdullah,C,"Bhai honestly baat karein to yeh system properly designed nahi hai, backend bohot slow hai aur frontend pe bhi serious bugs hain jo weeks se fix nahi hue, team ko yeh sab immediately address karna chahiye tha.",بای اونس لی بات کریں تو یہ سیستم پروپلٹ جائی نہیں ہے بیکن بہت سلو ہے اور فرنٹن پی بھی سیریس بگز حان جو ویق سے فکس نہیں ہوئے تین کو یہ سب امیدیٹلی ادرس کرنا چاہیے تھا,1.027027027
Abdullah_C02.wav,Abdullah,C,"Maine usse multiple times remind kiya tha lekin usne task assign karne ke baad koi proper follow-up nahi ki aur ab deadline miss ho gayi, client bohot upset hai aur situation handle karna din ba din mushkil ho raha hai.",میں نے اسے ملٹبال ٹیمز رمائنڈ کیا تھا لیکن اس نے ٹاسکہ سائن کرنے کے بعد کوئی پروپر فولو آپ نے ہی کی اور اب ٹید لین میں سفو گئی۔ قلینٹ بہت اپسٹ ہے اور سیٹشن ہندل کرنہ دن بہت دن مشکل ہو رہا ہے۔,1.125
Abdullah_C03.wav,Abdullah,C,"Model train karna start kiya tha lekin dataset imbalanced nikla aur accuracy bhi expected se bohot kam thi, ab pehle data clean karke dobara preprocess karna parega aur phir carefully se training dobara run karni hogi.",موڑل ٹرین کننا start کیا تھا لیکن data set him balance nikla اور accuracy be expected سے بہت کام تھی اب پہلے data clean کر کے دبارا pre-process کرنا پڑے گا اور پھر care fully سے training دبارا رہن کنڈی پڑے گی,0.972222222
Abdullah_C04.wav,Abdullah,C,"Client ne initially sab kuch approve kiya tha lekin ab suddenly requirements change kar di hain aur poora workflow dobara design karna parega, delivery timeline bhi extend hogi aur is wajah se budget bhi seriously affect hoga.",کلای نی نیشیلی سب کچھ اپروف یا تھا لیکن اپسیڈنلی رکوائیمنز چینج پر دی ہیں اور پورا ورکھلو دبارہ دجان کرنا بڑے گا دلیوری ٹیم لین بھی ایک سٹینڈ ہوگی اور اس ویسے بجد بھی سیڈی سیڈی سیڈی فکٹ ہوگا,1.081081081
Abdullah_C05.wav,Abdullah,C,"Yaar I was literally telling him ke agar tum chahte ho ke results actually good aayein to proper effort lagana parega, yeh jo shortcut wala approach hai woh long term mein kabhi bhi kaam nahi karta seriously.",یا رائباز لٹریلی ٹالیگ ہیم کہ اگر تم چاہتے ہو کہ ریزلس ایکچولی گود آئیں تو پروپر افرد لگانا پڑے گا یہ جو شوٹ کرولا پروج ہے وہ لوگ تم میں کبھی بھی کام نہیں کرتا سیڑیسلی,1
Abdullah_C06.wav,Abdullah,C,"Honestly project almost done hai lekin backend mein abhi bhi kuch major issues hain aur frontend pe bhi bugs fix nahi hue, sab kuch before deployment theek karna parega warna production mein serious problems aayengi.",آنسلی پروجیکٹ اولمس دن ہے لیکن بیکٹن میں ابھی بھی کچھ مجر ایشوز ہیں اور فرنٹن پیبی بگس فکس نہیں ہوا ہے سب کچھ بھی فورڈی پرویرمنٹ کیک کرنا پڑے گا وڈنہ پروڈکسن میں سیڈیس پروگلمزیں گی,1.057142857
Abdullah_C07.wav,Abdullah,C,"Meeting mein usne clearly said kiya ke budget approved ho gaya hai, ab sirf proper implementation bacha hai aur poori team ko start karne se pehle achhi tarah onboard karna hoga taki sab same page par hon.",میٹنگ میں اس نے کلیلی سیٹ کیا کہ بجد اپروڑ ہو گیا ہے اب سیٹھ پروپر ایمیٹیشن بچہ ہے اور پوڑی ٹیم کو شارٹ کنڈ اسبہلے اچی طرح اونبرٹ کرنا ہوگا تاکہ سب سیم پیچ پر ہوں,1
Abdullah_C08.wav,Abdullah,C,"Is machine learning model ki accuracy theek hai lekin precision aur recall dono kaafi low hain, isliye hyperparameters tune karne parenye aur shayad aur zyada training data collect karna parega behtar results ke liye.",اس مشین لنیگ موڈل کیا کوریسیت ہی ہے لیکن پریسین اور ایک اول دونوں کافی لوہ ہیں اس لیے ہیپر پیرمیٹرس ٹیون کرنا پڑیں گے اور شاید اور زیادہ ٹرینیگ دیٹا کلیکٹ کرنا پڑے گا بہت ریزڈس کے لئے,1.147058824
Abdullah_C09.wav,Abdullah,C,"Usne apni presentation confidently deliver ki aur saare key points clearly cover kiye, lekin question answer session mein kuch technical queries pe woh stuck ho gaya aur judges ka confidence thoda shake hua usse.",اس نے اپنی پریزنٹیشن کونفیڈنڈیڈیڈیڈیڈیڈیڈیڈیڈیڈیڈیڈیڈیڈیڈیڈیڈیڈیڈیڈیڈیڈیڈیڈیڈیڈیڈیڈیڈیڈیڈیڈیڈیڈیڈیڈیڈیڈیڈیڈیڈیڈیڈیڈیڈیڈیڈیڈیڈیڈیڈیڈیڈیڈیڈیڈیڈیڈیڈیڈیڈیڈیڈیڈیڈیڈیڈیڈیڈیڈیڈیڈیڈیڈیڈیڈیڈیڈیڈیڈیڈیڈیڈیڈیڈیڈیڈیڈیڈیڈیڈیڈیڈیڈیڈیڈیڈیڈیڈیڈیڈیڈیڈیڈیڈیڈیڈیڈیڈیڈیڈیڈیڈیڈیڈیڈیڈیڈیڈیڈیڈیڈیڈیڈیڈیڈیڈیڈیڈیڈیڈیڈیڈیڈیڈیڈیڈیڈیڈیڈیڈی,1
Abdullah_C10.wav,Abdullah,C,"Maine usse clearly instruction di thi ke feature implement karne se pehle properly test karo, lekin usne directly production mein push kar diya aur ab system down hai aur saare users affected hain, yeh bohot badi mistake thi.",میں نے اسے کلیلی استرکشن دیتے کہ فیچنی برومن کرنے سے پہلے پروپلی تست کرو۔ لیکن اس نے دیکھلی بروڈکشن میں پش کر دیا اور اب سسٹرم دون ہے اور سارے افیکٹد ہیں یہ بہت بریمیستے ہے۔,1
Ayyan_A01.wav,Ayyan,A,"Kal sham tak saray documents media par nashar kar diye jayen ge, is mein koi delay nahi honi chahiye.",کل شام تک سارے دکومٹس میڈیہ پر نشت کر دیا جائیں گے۔ اس میں کبھی دیلے نہیں ہونچے ہی ہے۔,1.052631579
Ayyan_A02.wav,Ayyan,A,"Yeh meeting abhi cancel nahi hogi, boss ne personally confirm kiya hai aur sab ko attend karna hoga.",یہ میٹنگ ابھی کنسل نہیں ہوگی۔ بہت نے پرسنہ لکنفرم کیا ہے اور سب کوڑن کرنا ہوگا۔,1
Ayyan_A03.wav,Ayyan,A,"Project ka final review kal subah hoga, isliye aaj raat tak apna kaam complete kar lo aur tayar raho.",بوجھیک کا فائنے لگیو کل سبہ ہوگا اس لیے آج راتے کپنے کام کم پیڑ کرلو اور تیارو ہو,1
Ayyan_A04.wav,Ayyan,A,"Uska performance is semester mein kaafi improve hua hai, professors bhi usse appreciate kar rahe hain.",اوسکا پر فوموندس اس مسترمی کافیم پروب ہے پر فیسرز بیو سی اپری شیر کارنی ہے,1
Ayyan_A05.wav,Ayyan,A,"System crash ho gaya tha isliye sara data delete ho gaya, ab se regular backup lena zaroori hai.",سستم قرش ہو گیا تھا اسلی سالہ دیکھر دیلیٹ ہو گیا اب سے رگولٹ بیکپ لینہ ضروری ہے,1
Ayyan_A06.wav,Ayyan,A,"Mujhe yeh project deadline tak submit karna hai, warna marks cut ho jayenge aur GPA affect hoga.",مجھے یہ پروجیکدیٹ لائن تک سمیٹھ کرنا ہے مرنا مقص کرتے ہو جائیں گے اور GPF اکت ہو گا,1.117647059
Ayyan_A07.wav,Ayyan,A,"Woh bahut professional banda hai, usse seriously lo aur uski feedback ko ignore mat karo bilkul.",وہ بہت بہت پر فیشنے بندہ ہے اسے سیسیل اور اسی فیڈ باک کو اگنور مد کر بیلکل,1.125
Ayyan_A08.wav,Ayyan,A,"Yeh issue abhi tak resolve nahi hua, please follow up karo aur team ko kal tak update karte rehna.",یہ ایشو ابھی تک رزولت نہیں ہوا۔ لیس فولوپ کرو اور ٹیم کو کل تک اپتیٹ کرتے ہیں نا۔,1
Ayyan_A09.wav,Ayyan,A,"Mera laptop ki battery bohot jaldi low ho jati hai, agar charger hai to please lao warna kaam ruk jayega.",میرے لپٹوپ کی بیٹری بہت جلدی لو ہو جاتی ہے اگر چاہجر ہے تو پلیز لوگ انا کام رک جائے گا,1.05
Ayyan_A10.wav,Ayyan,A,"Assignment ka deadline extend hua kya is bar, kyunki main kuch din se bohot busy tha aur poora nahi ho paya.",اسائمن کی دیدلان ایکستان ہوا کیا اس بار کیونکہ میں کچھ دن سے بہت بیزی تھا اور پورا نہیں ہوا پیا,1
Ayyan_B01.wav,Ayyan,B,Maine usse baar baar clearly explain kiya tha lekin usne properly respond nahi kiya aur ab poora project stuck ho gaya hai.,میں نے اسے بار بار کلیلی ایک سپرین کیا تھا لیکن اس نے پروپلی رسپون نہیں کیا اور اپورا پر اچکستک ہو گیا ہے۔,1.090909091
Ayyan_B02.wav,Ayyan,B,"Deadline extend nahi hogi is bar, tum apna remaining work aaj raat hi complete karke tonight submit kar do please.",دیدرین اکسٹن نہیں ہو گئی اس بار، تم اپنا نیمینک بڑک آج راتھ ہی قمpleیٹ کر کے تنائیٹ سمیٹ کر دو پلیس,1.1
Ayyan_B03.wav,Ayyan,B,Yeh approach technically correct lag rahi hai lekin practically implement karna bohot mushkil hoga available limited resources ke saath.,یہ پروش نکنکلی قریقت لگ ری ہے لیکن پر ایکٹیکلی ایمپلیمڈ کرنا بہت مشکل ہوگا، اویلے بل لیمٹڈڈڈڈڈڈڈڈڈڈڈڈڈڈڈڈڈڈڈڈڈڈڈڈڈڈڈڈڈڈڈڈڈڈڈڈڈڈڈڈڈڈڈڈڈڈڈڈڈڈڈڈڈڈڈڈڈڈڈڈڈڈڈڈڈڈڈڈڈڈڈڈڈڈڈڈڈڈڈڈڈڈڈڈڈڈڈڈڈڈڈڈڈڈڈڈڈڈڈڈڈڈڈڈڈڈڈڈڈڈڈڈڈڈڈڈڈڈڈڈڈڈڈڈڈڈڈڈڈڈڈڈڈڈڈڈڈڈ,1
Ayyan_B04.wav,Ayyan,B,Usne presentation to deliver kar di lekin saare key points theek se cover hi nahi kiye the aur audience kaafi confused ho gayi.,اس نے پر ازنٹیشن تو دلیبور کر دی لیکن سارے کی پوڑنس چیک سے قوار ہی نہیں کیے تھے اور اوڑینس کافی کن فیوز جو ہو گئی,1.173913043
Ayyan_B05.wav,Ayyan,B,"Report ko achhi tarah finalize karo aur phir manager ko detailed email kar do, yeh sab kuch before evening ho jana chahiye.",ریپورٹ کو اچھی تنہ فائنیلیس کرو اور پھر مینجر کو دیٹیل ایمیل کرتو یہ سب کچھ بھی فور ایبینگ ہو جانا چاہیے,1
Ayyan_B06.wav,Ayyan,B,"Dataset collection ke liye hum Google Forms use kar sakte hain, it is the easiest option aur sab ke liye equally accessible bhi hai.",دیتا سٹ کلکشن کے لیے ہم جوگل فارم جوز کر سکتے ہیں. It is the easiest option or sub کے لیے ایک لیے سسے بل بھی ہے.,0.916666667
Ayyan_B07.wav,Ayyan,B,"Internship ke liye abhi apply karo, the deadline is next Friday aur online form available hai, is baar late mat karna bilkul.",انڈنشپ کے لئے ابھی اپلائے کرو۔ the dead ring is next Friday or online form available. اس بہل لیٹ مدھ کرنا بلکن۔,0.772727273
Ayyan_B08.wav,Ayyan,B,"Research paper submit karne se pehle achhi tarah plagiarism check karo, journal ke strict rules hain aur rejection afford nahi kar sakte.",ریسٹش پیپر سبمیٹ کرنے سے پیلے چی تنہا پیگریزم چیک کرو۔ جننل کسٹرکڑ سے ہیں اور ایچکشنہ فور نہیں کر سکتے۔,1
Ayyan_B09.wav,Ayyan,B,Usne interview mein confidently sawal to answer kiye lekin technical questions pe stuck ho gaya aur interviewer clearly impressed nahi tha.,اس نے انتریوں میں کنفیدینڈنی سوال تو انسر کیا ہے لیکن ٹیکنیکل کسٹرنس پیسٹاک ہو گیا اور انتریور کلیلی ایمپرس نہیں تھا,1.047619048
Ayyan_B10.wav,Ayyan,B,Team ne feature successfully implement kar diya lekin testing phase mein multiple critical bugs nikle jo pehle notice hi nahi hue the.,ٹیم نے فیچر سکسسفل ایمپلیمنٹ کر دیا لیکن ٹیسٹنگ فیز میں ملٹیپل کٹیکل بگز نگلے جو پہلے نوٹیس کی نہیں گوے تھے۔,1
Ayyan_C01.wav,Ayyan,C,"Bhai honestly baat karein to yeh system properly designed nahi hai, backend bohot slow hai aur frontend pe bhi serious bugs hain jo weeks se fix nahi hue, team ko yeh sab immediately address karna chahiye tha.",بھئے انسلی باز کریں تو یہ سیسٹم پروپڑے دیزائل نہیں ہے باکھن بہت سلوہہ اور فرنٹنٹ پے بھی سیڈیس بقس ہیں جو ویق سے سے فکس نہیں ہوئے ٹیم کو یہ سب ایمیجیٹری دیس کرنا چاہیے تھا,1
Ayyan_C02.wav,Ayyan,C,"Maine usse multiple times remind kiya tha lekin usne task assign karne ke baad koi proper follow-up nahi ki aur ab deadline miss ho gayi, client bohot upset hai aur situation handle karna din ba din mushkil ho raha hai.",میں نے اسے ملٹپل ٹیمیز ریمان کیا تھا لیکن اس نے ٹاس کا سائن کرنے کے بات کوئی پروپر فولہ پر نہیں کی اور اب دیادڈن ویس ہو گئے۔ قلائنٹ بہت اپسٹ ہے اور سٹویشن ہندل کرنا دنبادین مشکل ہو رہا ہے۔,1.05
Ayyan_C03.wav,Ayyan,C,"Model train karna start kiya tha lekin dataset imbalanced nikla aur accuracy bhi expected se bohot kam thi, ab pehle data clean karke dobara preprocess karna parega aur phir carefully se training dobara run karni hogi.","موڑلڈرین کرنا start کیا تھا لیکن data set in balance, nikla or accuracy be expected سے بہت کم تھی۔ اب پہلڑڈڈڈڈڈڈڈڈڈڈڈڈڈڈڈڈڈڈڈڈڈڈڈڈڈڈڈڈڈڈڈڈڈڈڈڈڈڈڈڈڈڈڈڈڈڈڈڈڈڈڈڈڈڈڈڈڈڈڈڈڈڈڈڈڈڈڈڈڈڈڈڈڈڈڈڈڈڈڈڈڈڈڈڈڈڈڈڈڈڈڈڈڈڈڈڈڈڈڈڈڈڈڈڈڈڈڈڈڈڈڈڈڈڈڈڈڈڈڈڈڈڈڈڈڈڈڈڈڈڈڈڈڈڈڈڈڈڈڈڈڈڈڈڈڈڈڈڈڈڈڈڈڈڈڈڈڈڈڈڈڈڈڈڈڈڈ",0.944444444
Ayyan_C04.wav,Ayyan,C,"Client ne initially sab kuch approve kiya tha lekin ab suddenly requirements change kar di hain aur poora workflow dobara design karna parega, delivery timeline bhi extend hogi aur is wajah se budget bhi seriously affect hoga.",کلایٹ نے اینشیلی سب کوش پروف کیا تھا لیکن اب سیڈلیٹی قیمان سجنج کر دی ہیں اور پورا ورکفلوڑ دیدوارہ دیسائن کرنا پرے گا۔ دویبری ٹیمیک سٹرن ہوگی اور اس ویدہ سے بجد بھی سیلیس کی فکٹ ہوگا۔,1.027027027
Ayyan_C05.wav,Ayyan,C,"Yaar I was literally telling him ke agar tum chahte ho ke results actually good aayein to proper effort lagana parega, yeh jo shortcut wala approach hai woh long term mein kabhi bhi kaam nahi karta seriously.",یہ جو شوٹ کٹ بلا پروچھا یہ لونکٹم میں کبھی کامنی کرتا سیڈیستی,1
Ayyan_C06.wav,Ayyan,C,"Honestly project almost done hai lekin backend mein abhi bhi kuch major issues hain aur frontend pe bhi bugs fix nahi hue, sab kuch before deployment theek karna parega warna production mein serious problems aayengi.",اُنس کے پر جیت اُنس دنحہ لیکن بیکن میں ابھی بھی کچھ مجد ایشوز ہیں اور فرنتد پیبی بگزی فکس نہیں ہوئے سب کچھ بھی فور دپلویمان ٹی کرنا پرے گا ورنا پروڈیکشن میں سیریس پروبلنزائیں گی,1.057142857
Ayyan_C07.wav,Ayyan,C,"Meeting mein usne clearly said kiya ke budget approved ho gaya hai, ab sirf proper implementation bacha hai aur poori team ko start karne se pehle achhi tarah onboard karna hoga taki sab same page par hon.",میٹنگ میں اس نے کلیلی سد کیا کہ بوجد پروفڑ ہو گیا ہے اب صرف پروپر ایمپیلیمنٹیشن بچے ہیں اور پوری ٹیم کو start کرنے سے پہلے اچھی تنہا اونبرٹ کرنا ہوگا تاکہ سب same پیش پر ہوں,0.972972973
Ayyan_C08.wav,Ayyan,C,"Is machine learning model ki accuracy theek hai lekin precision aur recall dono kaafi low hain, isliye hyperparameters tune karne parenye aur shayad aur zyada training data collect karna parega behtar results ke liye.",اس مشینڈنگ موڈل کی ایک ریسی ٹیک ہے لیکن پر سین اور رکال دونوں کا فیلوں ہیں اسی لیے ہی پر پر امیٹر سٹون کرنے پریں گے اور زیادہ دیکھ لکٹرنہ پرے گا بہت ریزلس کے لئے,1.088235294
Ayyan_C09.wav,Ayyan,C,"Usne apni presentation confidently deliver ki aur saare key points clearly cover kiye, lekin question answer session mein kuch technical queries pe woh stuck ho gaya aur judges ka confidence thoda shake hua usse.",اُس نے اپری پریرسنٹیشن کنفیدینٹلی لیوڑ کی اور ساری کیوبرنز کیلیلی قبر کیئے۔ لیکن کسٹنانسر سیشن میں کچھ تکنیکل کیریس پیبوں کو سٹاکھ ہو گیا اور جیڑیس کے کنفیدیس کے کنفیدنز تھوڑا شئے کو اوز پر سے۔,1.088235294
Ayyan_C10.wav,Ayyan,C,"Maine usse clearly instruction di thi ke feature implement karne se pehle properly test karo, lekin usne directly production mein push kar diya aur ab system down hai aur saare users affected hain, yeh bohot badi mistake thi.",بنیوں سے کلویل انسٹیکشن دی تھی کہ فیچن اپلیمان کرنے سے پہلے پروپڑلی تسکورو۔ لیکن اُس نے دریکلی پروٹیکشن میں پوچ کر دیا اور اب سیسنم ناؤن ہے اور سارے ایوزر افیکٹر دھا ہے۔ یہ بہت بری گلتی تھی۔,1.026315789
Azib_Naeem_A01.wav,Azib_Naeem,A,"Kal sham tak saray documents media par nashar kar diye jayen ge, is mein koi delay nahi honi chahiye.",کل شامتک سر دکمینز میڈیا پر نشر کرتی جائیں گے اس میں کوئیڈ لے نہیں ہونی چاہیے,1
Azib_Naeem_A02.wav,Azib_Naeem,A,"Yeh meeting abhi cancel nahi hogi, boss ne personally confirm kiya hai aur sab ko attend karna hoga.",یہ میٹنگ ابھی کنسل نہیں ہوگی باستنہ پرسنلی کنفرم کیا ہے اور سب کو ٹنٹ کرنا ہوگی,1
Azib_Naeem_A03.wav,Azib_Naeem,A,"Project ka final review kal subah hoga, isliye aaj raat tak apna kaam complete kar lo aur tayar raho.",پر آجرات تک اپنا کام کمپیٹ کرلو اور تیارہ ہوت,1
Azib_Naeem_A04.wav,Azib_Naeem,A,"Uska performance is semester mein kaafi improve hua hai, professors bhi usse appreciate kar rahe hain.",اُس کا پر فامن تسیس سمجھتے مجھا فیم بروب او اے پر فیسز بیو سی بریشی ایڈ کریں اے,1.1875
Azib_Naeem_A05.wav,Azib_Naeem,A,"System crash ho gaya tha isliye sara data delete ho gaya, ab se regular backup lena zaroori hai.",سیستم تش ہو گیا تھا اس کے لیے سالیڈیٹرہ دلیٹ ہو گیا اب سے ریگر بیکہ بلینہ ضروری ہے,1.055555556
Azib_Naeem_A06.wav,Azib_Naeem,A,"Mujhe yeh project deadline tak submit karna hai, warna marks cut ho jayenge aur GPA affect hoga.",مجھے پر آجکڑ دیدلین تک سبمیٹ کرنا ہے اونا ماغسکٹ خو جائیں گے اور جب افیکٹ ہوگا,1
Azib_Naeem_A07.wav,Azib_Naeem,A,"Woh bahut professional banda hai, usse seriously lo aur uski feedback ko ignore mat karo bilkul.",وہ بہت پر فیشنل بندہ ہے اُس سیریسلی لو اور اُس کی فید بہت کو اگنو اُس اُس اُس اُس اُس اُس اُس اُس اُس اُس اُس اُس اُس اُس اُس اُس اُس اُس اُس اُس اُس اُس اُس اُس اُس اُس اُس اُس اُس اُس اُس اُس اُس اُس اُس اُس اُس اُس اُس اُس اُس اُس اُس اُس اُس اُس اُس اُس اُس اُس اُس اُس اُس اُس اُس اُس اُس اُس اُس اُس اُس اُس اُس اُس اُس اُس اُس اُس اُس اُس اُس اُس اُس اُس اُس اُس اُس اُس اُس اُس اُس اُس اُس اُس اُس اُس اُس اُس اُس اُس اُس اُس اُس اُس اُس اُس اُس اُس اُس اُس اُس اُس اُس اُس اُس اُس اُس اُس اُس اُس اُس اُس اُس اُس اُس اُس اُس اُس اُس اُس اُس اُس اُس اُس اُس اُس اُس اُس اُس اُس اُس اُس اُس اُس ا,9.4375
Azib_Naeem_A08.wav,Azib_Naeem,A,"Yeh issue abhi tak resolve nahi hua, please follow up karo aur team ko kal tak update karte rehna.",تیشو ابھی تک زوال نہیں ہوا بھی سوالا پر اور ٹیم بوکل تک عبدد کر گے رہنو,1
Azib_Naeem_A09.wav,Azib_Naeem,A,"Mera laptop ki battery bohot jaldi low ho jati hai, agar charger hai to please lao warna kaam ruk jayega.",مدلابتاک کی بیٹر بہت جلدی لو جاتی ہے کہ چاہجر ہے تو لیس از لاؤ ورنا کام رب جائے گا,1
Azib_Naeem_A10.wav,Azib_Naeem,A,"Assignment ka deadline extend hua kya is bar, kyunki main kuch din se bohot busy tha aur poora nahi ho paya.",اسانمن کا تدلان ایک ستین ہوا کیا اس بہت کیونکی میں کچھ جن سے بہت بزیتہ اور پورا نہیں ہو بیا,1
Azib_Naeem_B01.wav,Azib_Naeem,B,Maine usse baar baar clearly explain kiya tha lekin usne properly respond nahi kiya aur ab poora project stuck ho gaya hai.,میں از باربہ کلیلی اصفن کیا تھا لیکن از نے پروپلی ارسپورن نہیں کیا اور اپورا پروجیکٹ ستاک ہو گیا ہے,1
Azib_Naeem_B02.wav,Azib_Naeem,B,"Deadline extend nahi hogi is bar, tum apna remaining work aaj raat hi complete karke tonight submit kar do please.",ٹیلین اکس ٹیلین اکس ٹیلین ایک ٹیلین ایک ٹیلین ایک ٹیلین ایک ٹیلین ایک ٹیلین ایک ٹیلین ایک ٹیلین ایک ٹیلین ایک ٹیلین ایک ٹیلین ایک ٹیلین ایک ٹیلین ایک ٹیلین ایک ٹیلین ایک ٹیلین ایک ٹیلین ایک ٹیلین ایک ٹیلین ایک ٹیلین ایک ٹیلین ایک ٹیلین ایک ٹیلین ایک ٹیلین ایک ٹیلین ایک ٹیلین ایک ٹیلین ایک ٹیلین ایک ٹیلین ایک ٹیلین ایک ٹیلین ایک ٹیلین ایک ٹیلین ایک ٹیلین ایک ٹیلین ایک ٹیلین ایک ٹیلین ایک ٹیلین ایک ٹیلین ایک ٹیلین ایک ٹیلین ایک ٹیلین ایک ٹیلین ایک ٹیلین ایک ٹیلین ایک ٹیلین ایک ٹیلین ایک ٹیلین ایک ٹیلین ایک ٹیلین ایک ٹیلین ایک ٹیلین ایک ٹیلین ایک ٹیلین ایک ٹیلین ایک ٹیلین ایک ٹیلین ایک ٹیلین ایک ٹیلین ایک ٹیلین ایک ٹیلین ایک  ,6.35
Azib_Naeem_B03.wav,Azib_Naeem,B,Yeh approach technically correct lag rahi hai lekin practically implement karna bohot mushkil hoga available limited resources ke saath.,یہ بروس تکنیگلی قریک لگر یہ لیکن بیمینٹ کنہ بہت مشکد ہوگا ویلی بایلی بایل لیمیٹڈ رسوٹسس کے ساتھ,1
Azib_Naeem_B04.wav,Azib_Naeem,B,Usne presentation to deliver kar di lekin saare key points theek se cover hi nahi kiye the aur audience kaafi confused ho gayi.,اوسن پر اجندیشن تو دلیور کر دی لیکن ساڑے کی پوانچ سیک سے قبن ہی کیے تھے اور اوڑینس کا فیقن چیز ہو گئی,1.043478261
Azib_Naeem_B05.wav,Azib_Naeem,B,"Report ko achhi tarah finalize karo aur phir manager ko detailed email kar do, yeh sab kuch before evening ho jana chahiye.",پیپورڈ کچھ تھی فائنالائش کر رہا اور پر مانجرگہ دیٹیلٹ ایمیل کر دو یہ سب کچھ بھی فور ایوینگ ہو جنا چاہیے,1
Azib_Naeem_B06.wav,Azib_Naeem,B,"Dataset collection ke liye hum Google Forms use kar sakte hain, it is the easiest option aur sab ke liye equally accessible bhi hai.",دیڈشیٹ کلیکشن کے لئے ہم جوگل فام سوز کرسکنے ہیں تیز ایسی ساپشن اور سب کے لئے ایک سسے بل بھی ہے,1
Azib_Naeem_B07.wav,Azib_Naeem,B,"Internship ke liye abhi apply karo, the deadline is next Friday aur online form available hai, is baar late mat karna bilkul.",انٹنجری پیلی ابھی بلائے کرو The deadline is next Friday and online form available as bar late must come,0.590909091
Azib_Naeem_B08.wav,Azib_Naeem,B,"Research paper submit karne se pehle achhi tarah plagiarism check karo, journal ke strict rules hain aur rejection afford nahi kar sakte.",جیساچ پیوٹ سپنٹ کرنے سے پہلے اجیزن پلے جیسن پلے جیسن پلے جیسن پلے جیسن پلے جیسن پلے جیسن پلے جیسن پلے جیسن پلے جیسن پلے جیسن پلے جیسن پلے جیسن پلے جیسن پلے جیسن پلے جیسن پلے جیسن پلے جیسن پلے جیسن پلے جیسن پلے جیسن پلے جیسن پلے جیسن پلے جیسن پلے جیسن پلے جیسن پلے جیسن پلے جیسن پلے جیسن پلے جیسن پلے جیسن پلے جیسن پلے جیسن پلے جیسن پلے جیسن پلے جیسن پلے جیسن پلے جیسن پلے جیسن پلے جیسن پلے جیسن پلے جیسن پلے جیسن پلے جیسن پلے جیسن پلے جیسن پلے جیسن پلے جیسن پلے جیسن پلے جیسن پلے جیسن پلے جیسن پلے جیسن پلے جیسن پلے جیسن پلے جیسن پلے جیسن پلے جیسن پلے جیسن پلے جیسن پلے جی,5.772727273
Azib_Naeem_B09.wav,Azib_Naeem,B,Usne interview mein confidently sawal to answer kiye lekin technical questions pe stuck ho gaya aur interviewer clearly impressed nahi tha.,اُس نے انٹرور میں کنفرینٹلی سوال تو انزر کیے لیکن ٹیکٹنگ کا اوشنگ پر سٹاک ہو گیا ار انٹرور کلیلیم پر از نہیں تھا,1.142857143
Azib_Naeem_B10.wav,Azib_Naeem,B,Team ne feature successfully implement kar diya lekin testing phase mein multiple critical bugs nikle jo pehle notice hi nahi hue the.,ٹیم نے فیچر سے سکسلے امبلیونٹ کر دیا لیکن تسیم فیجھے ملٹبل کلیٹیکل باکس نکل آئے جو پہلے نوٹس ہی نہیں ہوئے,1
Azib_Naeem_C01.wav,Azib_Naeem,C,"Bhai honestly baat karein to yeh system properly designed nahi hai, backend bohot slow hai aur frontend pe bhi serious bugs hain jo weeks se fix nahi hue, team ko yeh sab immediately address karna chahiye tha.",بہی آنس کے بات کے لنس کے سوستم پول پروپولی ٹزائی نہیں ہے بیکن بہت سلوہ اور فرنٹینٹ پیبی سیڈیس بلس ہیں جو ویکس سے فکس نہیں ویٹیم کو یہ سب امیڈی اڈی اڈی اڈیسنا نچے گے دو,1.027027027
Azib_Naeem_C02.wav,Azib_Naeem,C,"Maine usse multiple times remind kiya tha lekin usne task assign karne ke baad koi proper follow-up nahi ki aur ab deadline miss ho gayi, client bohot upset hai aur situation handle karna din ba din mushkil ho raha hai.",لیکن اسٹنے تاس کا سائن کرنے کے پاس بھی پروپر روپ نہیں کی اور اب دیدلان میں سو گئے گلان بہت اپسیٹ ہے اور سٹویشن ہنٹل کرنا دن بدا دن مشکل ہو رہا ہے,1
Azib_Naeem_C03.wav,Azib_Naeem,C,"Model train karna start kiya tha lekin dataset imbalanced nikla aur accuracy bhi expected se bohot kam thi, ab pehle data clean karke dobara preprocess karna parega aur phir carefully se training dobara run karni hogi.",موڑل ٹرین کرنہ start کیا تھا لیکن ریٹسٹی مبالیسٹنگلہ اور ایک رسی بھی ایک سکٹٹ سے بہت کم تھیا پہلے دیٹا کلین کر کے دوارہ پریپرسٹ کرنہ پڑے گا اور کیرفلی سے ٹرینگ دوارہ رنگ کرنی ہوگی,1
Azib_Naeem_C04.wav,Azib_Naeem,C,"Client ne initially sab kuch approve kiya tha lekin ab suddenly requirements change kar di hain aur poora workflow dobara design karna parega, delivery timeline bhi extend hogi aur is wajah se budget bhi seriously affect hoga.",خراند نیشلی سب کچھ پروف کیا تھا لیکن اپسا دنلی کوارمنٹ شینج کر دی ہیں اور پورا بھیکسل دوارہ دیزائنگا نا بڑے گا دلگلی ٹیمام بھی ایک سینج ہو گئی اور اس ویدہ سے بوجد بھی سیریسلی فکٹ ہو گا,1.081081081
Azib_Naeem_C05.wav,Azib_Naeem,C,"Yaar I was literally telling him ke agar tum chahte ho ke results actually good aayein to proper effort lagana parega, yeh jo shortcut wala approach hai woh long term mein kabhi bhi kaam nahi karta seriously.",اگر ایک ایک ایک ایک ایک ایک ایک ایک ایک ایک ایک ایک ایک ایک ایک ایک ایک ایک ایک ایک ایک ایک ایک ایک ایک ایک ایک ایک ایک ایک ایک ایک ایک ایک ایک ایک ایک ایک ایک ایک ایک ایک ایک ایک ایک ایک ایک ایک ایک ایک ایک ایک ایک ایک ایک ایک ایک ایک ایک ایک ایک ایک ایک ایک ایک ایک ایک ایک ایک ایک ایک ایک ایک ایک ایک ایک ایک ایک ایک ایک ایک ایک ایک ایک ایک ایک ایک ایک ایک ایک ایک ایک ایک ایک ایک ایک ایک ایک ایک ایک ایک ایک ایک ایک ایک ایک ایک ایک ایک ایک ایک ایک ایک ایک ایک ایک ایک ایک ایک ایک ایک ایک ایک ایک ایک ایک ایک ایک ایک ایک ایک ایک ایک ایک ایک ایک ایک ایک ایک ایک ایک ایک ایک ایک ایک ایک ایک ایک ایک ایک ایک ایک ایک ایک ایک ایک ایک ایک ایک ایک ایک ایک ایک ایک ایک ایک ایک ایک ایک ایک ایک ایک ایک ایک ایک ایک ایک ایک ایک ایک ایک ایک ایک ایک ایک ایک ایک ایک ایک ایک ایک ایک ایک ایک ایک ایک ایک ایک ایک ایک ایک ایک ایک ایک ایک ایک ایک ایک ایک ایک ایک ایک ایک ایک ایک ایک ایک ایک ایک ایک ا,6
Azib_Naeem_C06.wav,Azib_Naeem,C,"Honestly project almost done hai lekin backend mein abhi bhi kuch major issues hain aur frontend pe bhi bugs fix nahi hue, sab kuch before deployment theek karna parega warna production mein serious problems aayengi.",آنسری پر آجیٹ آرمس دن ہے لیکن بیکٹ میں ابھی بھی کچھ مجھ ریشوز ہیں اور فرنٹت بی بی بگس بیکس نہیں ہوئے سپوچھ بھی پر آجیٹ پر آجیٹ پر آجیٹ پر آجیٹ پر آجیٹ پر آجیٹ پر آجیٹ پر آجیٹ پر آجیٹ پر آجیٹ پر آجیٹ پر آجیٹ پر آجیٹ پر آجیٹ پر آجیٹ پر آجیٹ پر آجیٹ پر آجیٹ پر آجیٹ پر آجیٹ پر آجیٹ پر آجیٹ پر آجیٹ پر آجیٹ پر آجیٹ پر آجیٹ پر آجیٹ پر آجیٹ پر آجیٹ پر آجیٹ پر آجیٹ پر آجیٹ پر آجیٹ پر آجیٹ پر آجیٹ پر آجیٹ پر آجیٹ پر آجیٹ پر آجیٹ پر آجیٹ پر آجیٹ پر آجیٹ پر آجیٹ پر آجیٹ پر آجیٹ پر آجیٹ پر آجیٹ پر آجیٹ پر آجیٹ پر آجیٹ پر آجیٹ پر آجیٹ پر آجیٹ پر آجیٹ پر آجیٹ پر آجیٹ پر آجیٹ پر آجیٹ پر آجیٹ پر آجیٹ پر آجیٹ پر آجیٹ پر آجی,4.314285714
Azib_Naeem_C07.wav,Azib_Naeem,C,"Meeting mein usne clearly said kiya ke budget approved ho gaya hai, ab sirf proper implementation bacha hai aur poori team ko start karne se pehle achhi tarah onboard karna hoga taki sab same page par hon.",نیٹیم اس نے قلیلی سیڈ کیا کہ بجلت پروفٹ ہو گیا ہے ابسر فرقل امپلیمٹیشن بچہ ہے اور پولیٹیم کو سٹارڈ کرنے سے پہلے اچی طرح انبوڑ کرنا ہوگا تاکہ سب سیم پیچ کر ہوں,1
Azib_Naeem_C08.wav,Azib_Naeem,C,"Is machine learning model ki accuracy theek hai lekin precision aur recall dono kaafi low hain, isliye hyperparameters tune karne parenye aur shayad aur zyada training data collect karna parega behtar results ke liye.",اس مشیننانی موڈل کی ایک رسی تھی گے لیکن پر سیجن اور ریکال دونوں گافیلوں ہیں اس لیے ہیپر پیر میٹر سٹیون کرنے پڑھیں گے اور شاید اور زیادہ تریعین گیٹر کلیٹ کرنا پڑھے گا بہتر از رید سیڈی ہے,1.176470588
Azib_Naeem_C09.wav,Azib_Naeem,C,"Usne apni presentation confidently deliver ki aur saare key points clearly cover kiye, lekin question answer session mein kuch technical queries pe woh stuck ho gaya aur judges ka confidence thoda shake hua usse.",اُس نے اپنی پرسنیشن کامفیڈنٹری دلیور کی اور سالی کی پرنٹس کے لئے کافر کی لئے لیکن کسر آنسر سشن میں کچھ تکنگل کیوریز پیس جو اُسٹاک ہو گیا اور جیس کا کورپیڈن سوڑا شیک ہوا اُس کے اُپرس سے,1.176470588
Azib_Naeem_C10.wav,Azib_Naeem,C,"Maine usse clearly instruction di thi ke feature implement karne se pehle properly test karo, lekin usne directly production mein push kar diya aur ab system down hai aur saare users affected hain, yeh bohot badi mistake thi.",میں نے اسے کلیلیس اشن دیگی کے فیچر امجلی ملیمنٹ کننے سے پہلے پروپولیلی تیس کرو لیکن اس میں دیکھلی پڑکشنے ابوش کر دیا اور اب سیسٹم دان ہے اور ساری ایزہ سے فیکٹرٹ ہے یہ بہت بڑی مستیکتی,1.026315789
Faiq_A01.wav,Faiq,A,"Kal sham tak saray documents media par nashar kar diye jayen ge, is mein koi delay nahi honi chahiye.",تلشام تک ساری دکومنس میڈیا پنچر کر دیں گے اس میں کوئی دلے نہیں ہونہ چاہئی ہے,1
Faiq_A02.wav,Faiq,A,"Yeh meeting abhi cancel nahi hogi, boss ne personally confirm kiya hai aur sab ko attend karna hoga.",یہ میٹنگ ابھی کنسل نہیں ہوگی بوز نے پیسنلی کنفرم کیا ہے اور سب کو ٹن کرنا ہوگا,1
Faiq_A03.wav,Faiq,A,"Project ka final review kal subah hoga, isliye aaj raat tak apna kaam complete kar lo aur tayar raho.",تو جیکٹ کا فائنل ریوٹ کل سوبا ہوگا اسلی آج رات تک اپنا کام کمپیٹ کرلو اور تیادہ ہوں,1
Faiq_A04.wav,Faiq,A,"Uska performance is semester mein kaafi improve hua hai, professors bhi usse appreciate kar rahe hain.",اس کا پر فومنس اس سمرسٹر میں کافیم پروف ہوا ہے پو فیسر بھی اسے پرشیٹ کر حیم ہے,1.1875
Faiq_A05.wav,Faiq,A,"System crash ho gaya tha isliye sara data delete ho gaya, ab se regular backup lena zaroori hai.",اس کے سارا دیٹھا دلیٹھ ہو گیا اپسے رگولیر باکہ بھی لینہ ضروری تھا,1
Faiq_A06.wav,Faiq,A,"Mujhe yeh project deadline tak submit karna hai, warna marks cut ho jayenge aur GPA affect hoga.",اُنجے یہ پروجیک جڑلین تک سمیٹ کرانا ہے وانا مات سکر پو جائیں گے اور جپی سیکٹ ہوگا,1.058823529
Faiq_A07.wav,Faiq,A,"Woh bahut professional banda hai, usse seriously lo aur uski feedback ko ignore mat karo bilkul.",وہ بوطور فیشل بندہ ہے اسے سیریسلی لو اور اس کی فیڈ بیک کو اگنال مد کرو بالکل,1.125
Faiq_A08.wav,Faiq,A,"Yeh issue abhi tak resolve nahi hua, please follow up karo aur team ko kal tak update karte rehna.",یہ ایشو ابھی تج ریزو میں ہواп لیس پولو اپٹرو اور ٹیم پو کل تک بیٹ کرتے رہنا,1
Faiq_A09.wav,Faiq,A,"Mera laptop ki battery bohot jaldi low ho jati hai, agar charger hai to please lao warna kaam ruk jayega.",میرے لپٹوپ کی بیٹری بہت جلدی لو ہو جاتی ہے اگر چارجد ہے تو پلیس لو ونا کام رکچیں,1
Faiq_A10.wav,Faiq,A,"Assignment ka deadline extend hua kya is bar, kyunki main kuch din se bohot busy tha aur poora nahi ho paya.",سائمان کا دلان ایک ستنگ پر کیا اس بار کیونکہ میں کچھ تنسید بہت بیزی تھا اور پڑا نہیں ہو پایا,1
Faiq_B01.wav,Faiq,B,Maine usse baar baar clearly explain kiya tha lekin usne properly respond nahi kiya aur ab poora project stuck ho gaya hai.,میں نے اسے بار بار کلیر لئے ایک سپنے کیا تھا لیکن اس نے پرپنے ریز پرنے کیا اور اپورا پر جیکستک ہو گیا,1.090909091
Faiq_B02.wav,Faiq,B,"Deadline extend nahi hogi is bar, tum apna remaining work aaj raat hi complete karke tonight submit kar do please.",دیدلان اکسٹن نہیں موجی اس بات تم اپنا ریمینیم ورک آج آتی کم پیٹ کرتے رونایٹ سمیٹ کر دو پلیس,1
Faiq_B03.wav,Faiq,B,Yeh approach technically correct lag rahi hai lekin practically implement karna bohot mushkil hoga available limited resources ke saath.,یہ پروچ ٹیکنگلی پڑھیک لگ رہی ہے لیکن ٹیکٹیگل انتلمنٹ کرنا بہت مُسکل ہوگا بہلی بہت لیمیٹری سورسز کے ساتھ,1.052631579
Faiq_B04.wav,Faiq,B,Usne presentation to deliver kar di lekin saare key points theek se cover hi nahi kiye the aur audience kaafi confused ho gayi.,اس نے پریزنٹیشن کو دلیور کر دی لیکن سارے کی پوائنس ٹیک سٹور پر ہی نہیں کیے تیو روڈینز کافیگن ٹیوش ہو گئی,1
Faiq_B05.wav,Faiq,B,"Report ko achhi tarah finalize karo aur phir manager ko detailed email kar do, yeh sab kuch before evening ho jana chahiye.",دیکھوڑ کو اچھی طرف آنیلیس کرو اور پھر منیجر کو ٹیٹیل ایمیل کر دو یہ سب کچھ بھی پھر ایبنیم ہو جانا چاہیں گے,1.090909091
Faiq_B06.wav,Faiq,B,"Dataset collection ke liye hum Google Forms use kar sakte hain, it is the easiest option aur sab ke liye equally accessible bhi hai.",دیتہ سیٹ کلیکشن کے لئے ہم قول فومزیوز کر سکتے ہیں ایسیسٹ آبشن اور سب کے لئے ایک سس بل بھی ہے,1
Faiq_B07.wav,Faiq,B,"Internship ke liye abhi apply karo, the deadline is next Friday aur online form available hai, is baar late mat karna bilkul.",انڈان شپکلی ابھی پلائک کرو that deadline is next Friday or on end phone available here is for date must come now be full,0.863636364
Faiq_B08.wav,Faiq,B,"Research paper submit karne se pehle achhi tarah plagiarism check karo, journal ke strict rules hain aur rejection afford nahi kar sakte.",دیسرش پیپس سمیٹ کرنے سے پہلے آچی در آپ لگریزم چیکٹر رو جرنل کس چیکٹر روز ہیں اوٹی جیکشن میں پوڑ نہیں کر سکتے,1.090909091
Faiq_B09.wav,Faiq,B,Usne interview mein confidently sawal to answer kiye lekin technical questions pe stuck ho gaya aur interviewer clearly impressed nahi tha.,اس نے انڈریوم میں کنفیٹنلی سوال تو انسل کیا لیکن ٹیکنیگل گوشن پسٹک ہو گیا اور انڈریوم کیا لیم بس نہیں پاہ,1.047619048
Faiq_B10.wav,Faiq,B,Team ne feature successfully implement kar diya lekin testing phase mein multiple critical bugs nikle jo pehle notice hi nahi hue the.,ایم نے فیچر سکسس پل امتیمان کر دیا لیکن ٹیسٹین فیز میں ملٹپل ٹیٹیکل بغس نکلے جو پہلے نوٹس ہی نہیں ہو ایتے,1.045454545
Faiq_C01.wav,Faiq,C,"Bhai honestly baat karein to yeh system properly designed nahi hai, backend bohot slow hai aur frontend pe bhi serious bugs hain jo weeks se fix nahi hue, team ko yeh sab immediately address karna chahiye tha.",بات کرنے تو یہ سیستم پروپری تیزائی نہیں ہے باکن بوٹسٹو ہے اور فنٹن بے بیسئیس پڑس ہے جو بیکس سے فکس نہیں ہوئے ٹیم کو یہ سب ایمیڈیٹلی ایڈیس کرنا چاہیے تھا,1
Faiq_C02.wav,Faiq,C,"Maine usse multiple times remind kiya tha lekin usne task assign karne ke baad koi proper follow-up nahi ki aur ab deadline miss ho gayi, client bohot upset hai aur situation handle karna din ba din mushkil ho raha hai.",میں نے اسے مٹیپل ٹائمز ریمائیں کیا تھا لیکن اس نے تاس پسان کرنے کے بعد کوئی پروپر فولوپ نہیں کی اور اب دڑلین مص ہو گئی۔ پلین بہت اپسٹ ہے اور سیٹشن ہنگل کرنا دن بہت دن مصکل ہو رہا۔,1.025
Faiq_C03.wav,Faiq,C,"Model train karna start kiya tha lekin dataset imbalanced nikla aur accuracy bhi expected se bohot kam thi, ab pehle data clean karke dobara preprocess karna parega aur phir carefully se training dobara run karni hogi.",ایک ایک ایک ایک ایک ایک ایک ایک ایک ایک ایک ایک ایک ایک ایک ایک ایک ایک ایک ایک ایک ایک ایک ایک ایک ایک ایک ایک ایک ایک ایک ایک ایک ایک ایک ایک ایک ایک ایک ایک ایک ایک ایک ایک ایک ایک ایک ایک ایک ایک ایک ایک ایک ایک ایک ایک ایک ایک ایک ایک ایک ایک ایک ایک ایک ایک ایک ایک ایک ایک ایک ایک ایک ایک ایک ایک ایک ایک ایک ایک ایک ایک ایک ایک ایک ایک ایک ایک ایک ایک ایک ایک ایک ایک ایک ایک ایک ایک ایک ایک ایک ایک ایک ایک ایک ایک ایک ایک ایک ایک ایک ایک ایک ایک ایک ایک ایک ایک ایک ایک ایک ایک ایک ایک ایک ایک ایک ایک ایک ایک ایک ایک ایک ایک ایک ایک ایک ایک ایک ایک ایک ایک ایک ایک ایک ایک ایک ایک ایک ایک ایک ایک ایک ایک ایک ایک ایک ایک ایک ایک ایک ایک ایک ایک ایک ایک ایک ایک ایک ایک ایک ایک ایک ایک ایک ایک ایک ایک ایک ایک ایک ایک ایک ایک ایک ایک ایک ایک ایک ایک ایک ایک ایک ایک ایک ایک ایک ایک ایک ایک ایک ایک ایک ایک ایک ایک ایک ایک ایک ایک ایک ایک ایک ایک ایک ایک ایک ایک ایک ایک ایک ایک,6.166666667
Faiq_C04.wav,Faiq,C,"Client ne initially sab kuch approve kiya tha lekin ab suddenly requirements change kar di hain aur poora workflow dobara design karna parega, delivery timeline bhi extend hogi aur is wajah se budget bhi seriously affect hoga.",کلائن نے نشلی سب کچھ اپروف کیا تھا لیکن آپ سٹرنی رکائرمین چینش کر دی ہے اور پورا ورفلو دبارہ دیزائن کرنا پڑے گا دلیوڑی ٹائم لائن بھی اکسٹن ہو گئی اور اسی وجہ سے بجد بھی سیڈیس کی فکھ روگہ,1.108108108
Faiq_C05.wav,Faiq,C,"Yaar I was literally telling him ke agar tum chahte ho ke results actually good aayein to proper effort lagana parega, yeh jo shortcut wala approach hai woh long term mein kabhi bhi kaam nahi karta seriously.",ایر ایر ایر ایر ایر ایر ایر ایر ایر ایر ایر ایر ایر ایر ایر ایر ایر ایر ایر ایر ایر ایر ایر ایر ایر ایر ایر ایر ایر ایر ایر ایر ایر ایر ایر ایر ایر ایر ایر ایر ایر ایر ایر ایر ایر ایر ایر ایر ایر ایر ایر ایر ایر ایر ایر ایر ایر ایر ایر ایر ایر ایر ایر ایر ایر ایر ایر ایر ایر ایر ایر ایر ایر ایر ایر ایر ایر ایر ایر ایر ایر ایر ایر ایر ایر ایر ایر ایر ایر ایر ایر ایر ایر ایر ایر ایر ایر ایر ایر ایر ایر ایر ایر ایر ایر ایر ایر ایر ایر ایر ایر ایر ایر ایر ایر ایر ایر ایر ایر ایر ایر ایر ایر ایر ایر ایر ایر ایر ایر ایر ایر ایر ایر ایر ایر ایر ایر ایر ایر ایر ایر ایر ایر ایر ایر ایر ایر ایر,4
Faiq_C06.wav,Faiq,C,"Honestly project almost done hai lekin backend mein abhi bhi kuch major issues hain aur frontend pe bhi bugs fix nahi hue, sab kuch before deployment theek karna parega warna production mein serious problems aayengi.",اونرسی پر جتا اولموستان ہے لیکن بیکن میں ابھی بھی کچھ مجھے ایشوز ہے اور فندن بے بھی بگ سپیکس نہیں ہوئے سب کچھ بیفورڈ دپلویمین تیق کرنا پڑے گا اونا پرڈکشن میں سیئے سپرمائیلے,1
Faiq_C07.wav,Faiq,C,"Meeting mein usne clearly said kiya ke budget approved ho gaya hai, ab sirf proper implementation bacha hai aur poori team ko start karne se pehle achhi tarah onboard karna hoga taki sab same page par hon.",پیٹن میں اس نے قیلی سب کیا ہے کہ بجد پروف ہو گیا ہے اور اب صرف پروپر ایمپلیمٹیشن بچا ہے اور پوڑی ٹیم پوستراد کننے سے پہلے اچھی طرح اون بورٹ کرنا ہوگا تاکہ سب سیم پیچ پٹھوں,1.054054054
Faiq_C08.wav,Faiq,C,"Is machine learning model ki accuracy theek hai lekin precision aur recall dono kaafi low hain, isliye hyperparameters tune karne parenye aur shayad aur zyada training data collect karna parega behtar results ke liye.",ایس میشین لانی موڈل کی اکرسی چیک ہے لیکن پر سیشن اور رکول دونوں کا فیلوں ہے اس کے ہائپٹ پر امیٹرز توڑے کرنے پلنے اور شائد اور زیادہ چینیگ دیتاک پلکٹ کرنا پڑے گا بہت ریزل کی ہے,1.147058824
Faiq_C09.wav,Faiq,C,"Usne apni presentation confidently deliver ki aur saare key points clearly cover kiye, lekin question answer session mein kuch technical queries pe woh stuck ho gaya aur judges ka confidence thoda shake hua usse.",اس میں اپنی پیردنیشن بونکڈنگلیٹ لیوڑ کی اور سارے کی پرنیز کی لیرڑ کور کیے لیکن Question Answer Session میں کچھ تکنگل کوریز میں بوستق ہو گیا اور ججز کا کونکڈن تھوڑا شئی کوہ اس کیوں پر سے,1.029411765
Faiq_C10.wav,Faiq,C,"Maine usse clearly instruction di thi ke feature implement karne se pehle properly test karo, lekin usne directly production mein push kar diya aur ab system down hai aur saare users affected hain, yeh bohot badi mistake thi.",اسے کیلی انستکشن دیتیٹر فیچرز انتیمان کرنے سے طالیہ بھوٹ از کرو۔ لیکن اس نے دیریکی پڑکشن میں پوچھ کا گیا اور اب چیسٹرم دون ہے اور ساری ایوڈرز فکٹیٹ ہے یہ بہت بڑی مستےگ کی۔,1
Hadi_A01.wav,Hadi,A,"Kal sham tak saray documents media par nashar kar diye jayen ge, is mein koi delay nahi honi chahiye.",کل شام تک سر دکمیٹس میڈیا پندشر کل تیجیں گے اس میں کل تیلے نہیں ہونی چاہیے,1
Hadi_A02.wav,Hadi,A,"Yeh meeting abhi cancel nahi hogi, boss ne personally confirm kiya hai aur sab ko attend karna hoga.",یہ میٹنگ نبی کنسل نہیں ہوگی باستنی پیسنیلی کنفرم کیا ہے اور سب کو ٹن کرنا ہوگا,1
Hadi_A03.wav,Hadi,A,"Project ka final review kal subah hoga, isliye aaj raat tak apna kaam complete kar lo aur tayar raho.",ایت کا فائنے لیویو کر سبہ ہوگا ایسلی آج رات تک اپنے کامکم بیٹ کر لوٹ دیا رہو,1
Hadi_A04.wav,Hadi,A,"Uska performance is semester mein kaafi improve hua hai, professors bhi usse appreciate kar rahe hain.",اس کا پر فومنس اس سمیسٹر میں کافیم بروف ہوا ہے پر فیسرس بھی اسے پیشیٹ کا رہی ہیں,1.1875
Hadi_A05.wav,Hadi,A,"System crash ho gaya tha isliye sara data delete ho gaya, ab se regular backup lena zaroori hai.",اسٹم قرش ہو گیا تھا اس لئے سارا دیٹا دلیٹ ہو گیا اب سرے گلر بیکہ پلینہ ضروری ہے,1.055555556
Hadi_A06.wav,Hadi,A,"Mujhe yeh project deadline tak submit karna hai, warna marks cut ho jayenge aur GPA affect hoga.",مجھے یہ پروجیک دیدلین تک سمیٹ کرنا ہے وانا ماکس کا تو جائیں گے ایڈی پیفات ہوگا,1
Hadi_A07.wav,Hadi,A,"Woh bahut professional banda hai, usse seriously lo aur uski feedback ko ignore mat karo bilkul.",وہ بہت پر فیشنیل بندہ ہے اسے سیریسلی دو اسکی فید بہت کو اگر نورمت کر رو بلکول,1.125
Hadi_A08.wav,Hadi,A,"Yeh issue abhi tak resolve nahi hua, please follow up karo aur team ko kal tak update karte rehna.",یہ ایشوہ بھی تک رزال نہیں ہوا آپ لیس فالو آپ کرو اپکر اور ٹیم کو قلتاک اپٹیٹ کرتے رہنا,1.052631579
Hadi_A09.wav,Hadi,A,"Mera laptop ki battery bohot jaldi low ho jati hai, agar charger hai to please lao warna kaam ruk jayega.",میرے لابتوب کی بیٹری بہت جلدی لو ہو جاتی ہے اگر چاہجر ہے تو پیلی اللہ ورنا کام رک جائے گا,1.05
Hadi_A10.wav,Hadi,A,"Assignment ka deadline extend hua kya is bar, kyunki main kuch din se bohot busy tha aur poora nahi ho paya.",ایک سائنمان کا دیلین ایک سٹرن ہوا کہ اس بات کیونکہ میں کچھ دین سے بہت بیزی تھا اور پورا رہی ہی ہو پیا,1.142857143
Hadi_B01.wav,Hadi,B,Maine usse baar baar clearly explain kiya tha lekin usne properly respond nahi kiya aur ab poora project stuck ho gaya hai.,میں نے سے بار بار کلیلی ایک سوین کیا تھا لیکن اس نے پروپلی ایسفان نہیں کیا اور اپکورا بروجدستاک ہو گیا,1
Hadi_B02.wav,Hadi,B,"Deadline extend nahi hogi is bar, tum apna remaining work aaj raat hi complete karke tonight submit kar do please.",دید لینکستین نہیں ہو گی اس پاہت ہم ناری مینگ کام آج آتی کم دید کرکہ تو نید سب میںٹ کر دو کلیس,1.15
Hadi_B03.wav,Hadi,B,Yeh approach technically correct lag rahi hai lekin practically implement karna bohot mushkil hoga available limited resources ke saath.,یہ اپروش تکنگل کراک لگر یہ لیکن براکٹکلی منیمانٹ کرنا موک مشکل ہوگا ویلو بلیمٹری ریسورسس کے ساتھ,1
Hadi_B04.wav,Hadi,B,Usne presentation to deliver kar di lekin saare key points theek se cover hi nahi kiye the aur audience kaafi confused ho gayi.,اس نے پیزنڈیشن تو دلیور کر دی لیکن سارے کی پانچ ٹیک سے قوری نہیں گئی ایتے و روڑینٹس کافی کنفیوز ہو گئی تھی,1.043478261
Hadi_B05.wav,Hadi,B,"Report ko achhi tarah finalize karo aur phir manager ko detailed email kar do, yeh sab kuch before evening ho jana chahiye.",ریپورٹ کوچھی تنہ فائنیلیس کر رو اور پھر مینجر کو دیٹیل دیمیل کر دو یہ سب کچھ بھی فوری اپنیگ ہو جانا جائی ہے,1.090909091
Hadi_B06.wav,Hadi,B,"Dataset collection ke liye hum Google Forms use kar sakte hain, it is the easiest option aur sab ke liye equally accessible bhi hai.",دیتا سکت کلکشن کے لئے ہمگوگل فومجیز کر سکتے ہیں جس آبشن اور سب کے لئے کلی ایک سسٹ بل بھی ہے,1
Hadi_B07.wav,Hadi,B,"Internship ke liye abhi apply karo, the deadline is next Friday aur online form available hai, is baar late mat karna bilkul.","انڈنشیم کے لئے اپلائے کروں, the deadline is next writer, online form a video with a Hisparley 8 مدکڑنا بلکول",0.727272727
Hadi_B08.wav,Hadi,B,"Research paper submit karne se pehle achhi tarah plagiarism check karo, journal ke strict rules hain aur rejection afford nahi kar sakte.",تیسرش پیپر سمیٹ کرنے سوالے چیطرہ پیجیزم جیک کرو جنیال کے سٹیک روز نیاری جیکشن افور نہیں گا سکتے ہیں,1
Hadi_B09.wav,Hadi,B,Usne interview mein confidently sawal to answer kiye lekin technical questions pe stuck ho gaya aur interviewer clearly impressed nahi tha.,اس نے انٹرگیم ان کنفنڈی سوال تو انسر کی لیکن تکنیل کشنسی سٹاک ہوگیو انٹرگیو رکلیو ریم پرس نہیں تھا,1
Hadi_B10.wav,Hadi,B,Team ne feature successfully implement kar diya lekin testing phase mein multiple critical bugs nikle jo pehle notice hi nahi hue the.,ٹیم نے فیجر سکسسلی امپلومن کر دیا لیکن ٹیسٹنگ فیز میں ملٹبل کتکل بگز نکلے جو پہلے نوٹسی نہیں ہوئے تھے,1
Hadi_C01.wav,Hadi,C,"Bhai honestly baat karein to yeh system properly designed nahi hai, backend bohot slow hai aur frontend pe bhi serious bugs hain jo weeks se fix nahi hue, team ko yeh sab immediately address karna chahiye tha.",بے آنشلی بات کرنا تو یہ سیسٹم پر پڑھوڑی دیزائنی ایم پیکن بہت سلویر فنٹن پے بھی سیس باکنا جو بیخ سویخ سویخ سویخ سویخ سویخ سویخ سویخ سویخ سوی میں تیٹلیر ایس کرنا چاہیے تھا,1
Hadi_C02.wav,Hadi,C,"Maine usse multiple times remind kiya tha lekin usne task assign karne ke baad koi proper follow-up nahi ki aur ab deadline miss ho gayi, client bohot upset hai aur situation handle karna din ba din mushkil ho raha hai.",میں نے سو ملٹبال ٹائمز روائن کیس لیکن اس نے تاس کا سائن کرنے کے بعد کوئی پروپر فلوپ نہیں کی ایو رب ریدلین میں سوویگ لین بوٹ آبسہ رو سوششن ہندل کنہ دن مشکل ہو رہا ہے,1
Hadi_C03.wav,Hadi,C,"Model train karna start kiya tha lekin dataset imbalanced nikla aur accuracy bhi expected se bohot kam thi, ab pehle data clean karke dobara preprocess karna parega aur phir carefully se training dobara run karni hogi.",موڑل ٹینسٹنکڑنا start کیا تھا لیکن دیتا سانٹیں بیننس نکل اور ایک ریسی بیکسپیکڈیٹ سے بہت کام کی یا پہلے دیتا کنین کر کے دیتے بارا پریس پیپسس کرنا پڑے گا پڑکیٹس لیسے ٹرینینکڑ دیارا رنکڑنا,1
Hadi_C04.wav,Hadi,C,"Client ne initially sab kuch approve kiya tha lekin ab suddenly requirements change kar di hain aur poora workflow dobara design karna parega, delivery timeline bhi extend hogi aur is wajah se budget bhi seriously affect hoga.",قرآن نے نشلی سب کچھ جب روف کیا دا لیکن اب سڑے رکوار مجھ چیج کر دی اور قرآن سو دوارہ دزائن کرنا بڑے گا۔ لیوڑی ٹیمڑن ویکستان دوگیر اسی بجرد بیچ سیڈی ایسی ایسی ایسی ایسی ایسی ایسی ایسی ایسی ایسی ایسی ایسی ایسی ایسی ایسی ایسی ایسی ایسی ایسی ایسی ایسی ایسی ایسی ایسی ایسی ایسی ایسی ایسی ایسی ایسی ایسی ایسی ایسی ایسی ایسی ایسی ایسی ایسی ایسی ایسی ایسی ایسی ایسی ایسی ایسی ایسی ایسی ایسی ایسی ایسی ایسی ایسی ایسی ایسی ایسی ایسی ایسی ایسی ایسی ایسی ایسی ایسی ایسی ایسی ایسی ایسی ایسی ایسی ایسی ایسی ایسی ایسی ایسی ایسی ایسی ایسی ایسی ایسی ایسی ایسی ایسی ایسی ایسی ایسی ایسی ایس,3.189189189
Hadi_C05.wav,Hadi,C,"Yaar I was literally telling him ke agar tum chahte ho ke results actually good aayein to proper effort lagana parega, yeh jo shortcut wala approach hai woh long term mein kabhi bhi kaam nahi karta seriously.","یا I was literally telling him that if you want to visit him, then you will have to offer an effort to him. This shortcoming approach has never been done in a long time.",0.837837838
Hadi_C06.wav,Hadi,C,"Honestly project almost done hai lekin backend mein abhi bhi kuch major issues hain aur frontend pe bhi bugs fix nahi hue, sab kuch before deployment theek karna parega warna production mein serious problems aayengi.",آنیسلی پر آجیت اولمس دن نی لیکن بیکن میں بی بی کش مجر ایششوزوں فرنٹان دویب بھگ سریکس نیوے پر سب کچھ بھی فور دیکھ لومن تھی کرنا پڑای ہونوں پڑکشن میں سیڈیس پر آبنم زائیں گی,1.057142857
Hadi_C07.wav,Hadi,C,"Meeting mein usne clearly said kiya ke budget approved ho gaya hai, ab sirf proper implementation bacha hai aur poori team ko start karne se pehle achhi tarah onboard karna hoga taki sab same page par hon.",میٹنگوز نے کلیلی سرد کیا کہ بجرد پروف ہو گیا ہے اپسر پروپ روپ روپ روپ روپ روپ روپ روپ روپ روپ روپ روپ روپ روپ روپ روپ روپ روپ روپ روپ روپ روپ روپ روپ روپ روپ روپ روپ روپ روپ روپ روپ روپ روپ روپ روپ روپ روپ روپ روپ روپ روپ روپ روپ روپ روپ روپ روپ روپ روپ روپ روپ روپ روپ روپ روپ روپ روپ روپ روپ روپ روپ روپ روپ روپ روپ روپ روپ روپ روپ روپ روپ روپ روپ روپ روپ روپ روپ روپ روپ روپ روپ روپ روپ روپ روپ روپ روپ روپ روپ روپ روپ روپ روپ روپ روپ روپ روپ روپ روپ روپ روپ روپ روپ روپ روپ روپ روپ روپ روپ روپ روپ روپ روپ روپ روپ روپ روپ روپ روپ روپ روپ روپ روپ روپ روپ روپ روپ روپ روپ روپ روپ روپ روپ روپ روپ رو,4.027027027
Hadi_C08.wav,Hadi,C,"Is machine learning model ki accuracy theek hai lekin precision aur recall dono kaafi low hain, isliye hyperparameters tune karne parenye aur shayad aur zyada training data collect karna parega behtar results ke liye.",اس مجھے انڈنگ موڑل کیا ہے کہ اسے تیکہ لگمٹرسیشن رکال دونوں کافیلوں ہم اسلے اپر برمٹرسٹون کرنے پڑے گئے اور شاہیدوں اوڑیز اوڑیز اوڑڑڑڑڑڑڑڑڑڑڑڑڑڑڑڑڑڑڑڑڑڑڑڑڑڑڑڑڑڑڑڑڑڑڑڑڑڑڑڑڑڑڑڑڑڑڑڑڑڑڑڑڑڑڑڑڑڑڑڑڑڑڑڑڑڑڑڑڑڑڑڑڑڑڑڑڑڑڑڑڑڑڑڑڑڑڑڑڑڑڑڑڑڑڑڑڑڑڑڑڑڑڑڑڑڑڑڑڑڑڑڑڑڑڑڑڑڑڑڑڑڑڑڑڑڑڑڑڑڑڑڑڑڑڑڑڑڑڑڑڑڑڑڑڑڑڑڑڑڑڑڑڑڑڑڑڑڑڑڑڑڑڑڑڑڑڑڑڑڑڑڑڑڑڑڑ,1
Hadi_C09.wav,Hadi,C,"Usne apni presentation confidently deliver ki aur saare key points clearly cover kiye, lekin question answer session mein kuch technical queries pe woh stuck ho gaya aur judges ka confidence thoda shake hua usse.",اس نے اپنی بیزنیشن کامنیٹلیڈ لیور کیس آرے کی اپنانچ کے لئے قوار کی لیکن کشن آمسرسنسنسنسنسنسنسنسنسنسنسنسنسنسنسنسنسنسنسنسنسنسنسنسنسنسنسنسنسنسنسنسنسنسنسنسنسنسنسنسنسنسنسنسنسنسنسنسنسنسنسنسنسنسنسنسنسنسنسنسنسنسنسنسنسنسنسنسنسنسنسنسنسنسنسنسنسنسنسنسنسنسنسنسنسنسنسنسنسنسنسنسنسنسنسنسنسنسنسنسنسنسنسنسنسنسنسنسنسنسنسنسنسنسنسنسنسنسنسنسنسنسنسنسنسنسنسنسنسنسنسنسنسنسنسنسنسنسنسنسنسنسنسنسنسنسنسنسنسنسنسنسنسنسنسنسنسنسنسنسنسنسنسنسنسنسنسنسنسنسنسنسنسنسنسنسنسنسنسنسنسنسنسنسنسنسنسنسنسنسنسنسنسنسنس,1
Hadi_C10.wav,Hadi,C,"Maine usse clearly instruction di thi ke feature implement karne se pehle properly test karo, lekin usne directly production mein push kar diya aur ab system down hai aur saare users affected hain, yeh bohot badi mistake thi.",میں نے سکلیلی انسریشن دی تھی کہ فیچہ نمپلمان کرنے سپلے پر پوپولی تست کرو لیکن اس نے رکلی بڑکشن نے پشکار دیا رب سسٹم دون ہے اور ساری ایوز سفکٹر دھا ہے یہ وضبڑی میں سٹیک تھی,1
Hassaan_Ahmed_Khan_A01.wav,Hassaan_Ahmed_Khan,A,"Kal sham tak saray documents media par nashar kar diye jayen ge, is mein koi delay nahi honi chahiye.",کل شام تک سارے دفرمنٹ میڈیا فرنشہ کرتے جائیں گے اس میں پر دلے نہیں ہونی چاہئے,1
Hassaan_Ahmed_Khan_A02.wav,Hassaan_Ahmed_Khan,A,"Yeh meeting abhi cancel nahi hogi, boss ne personally confirm kiya hai aur sab ko attend karna hoga.",یہ میٹنگہ بھی کنسلنی ہوگی باستن پر سنی کنفن کیا ہے اور سبب پٹن کرنا ہوگا۔,1
Hassaan_Ahmed_Khan_A03.wav,Hassaan_Ahmed_Khan,A,"Project ka final review kal subah hoga, isliye aaj raat tak apna kaam complete kar lo aur tayar raho.",پیجٹ کا فینانی بوگر سو با ہوا بہت دے آج رات تک پناک ہم قبلیٹ کردو ارتیار رہوں,1
Hassaan_Ahmed_Khan_A04.wav,Hassaan_Ahmed_Khan,A,"Uska performance is semester mein kaafi improve hua hai, professors bhi usse appreciate kar rahe hain.",اس کا پر فرموات سے سمجھٹر میں کافی برو وہا ہے پروپسس بیو سے اپر اپریشیٹ کر رہے ہیں,1.1875
Hassaan_Ahmed_Khan_A05.wav,Hassaan_Ahmed_Khan,A,"System crash ho gaya tha isliye sara data delete ho gaya, ab se regular backup lena zaroori hai.",سیسٹم قیش ہو گیا تھا اس کے سارنٹر لیٹ ہو گیا اب سی رگولہ بکل دن ضروری ہے,1
Hassaan_Ahmed_Khan_A06.wav,Hassaan_Ahmed_Khan,A,"Mujhe yeh project deadline tak submit karna hai, warna marks cut ho jayenge aur GPA affect hoga.",مجھے پر جیٹد لائن تک سمیٹ کرنا ہے وانا مارکہ تو جائنگ لے اور جپی فیٹور,1
Hassaan_Ahmed_Khan_A07.wav,Hassaan_Ahmed_Khan,A,"Woh bahut professional banda hai, usse seriously lo aur uski feedback ko ignore mat karo bilkul.",وہ بہت پر احسنے بندہ ہے وہ سے سیرس لیا اور اس کی فیڈ با کئی کو اینور مات کر رو بے کتے,1.4375
Hassaan_Ahmed_Khan_A08.wav,Hassaan_Ahmed_Khan,A,"Yeh issue abhi tak resolve nahi hua, please follow up karo aur team ko kal tak update karte rehna.",ایش ہوا بھی لیکن زواب نہیں مابلیس فولو آپ کرو اور ٹیم کو کل تقب دیٹ کرتے رہنا,1
Hassaan_Ahmed_Khan_A09.wav,Hassaan_Ahmed_Khan,A,"Mera laptop ki battery bohot jaldi low ho jati hai, agar charger hai to please lao warna kaam ruk jayega.",میرے لپٹو کی بیٹھی وہ جلدی لو ہی تیح کر چاہجر ہے تو پلی لاؤ ورنا کام رک جائے گا,1
Hassaan_Ahmed_Khan_A10.wav,Hassaan_Ahmed_Khan,A,"Assignment ka deadline extend hua kya is bar, kyunki main kuch din se bohot busy tha aur poora nahi ho paya.",ایسایمان کا دید لین اکسٹینڈ وارکیز باکیونکے میں نے کچھ دن سے بہت ویدھے تھا اور پورا دیں نہیں ہو پیا,1
Hassaan_Ahmed_Khan_B01.wav,Hassaan_Ahmed_Khan,B,Maine usse baar baar clearly explain kiya tha lekin usne properly respond nahi kiya aur ab poora project stuck ho gaya hai.,میں نے اسے بارورک لیدلی ایک سلین کیا تھا لیکن اس نے بارک لیس پون نہیں کیا اور اب پور پجرسٹا کو گیا ہے,1.090909091
Hassaan_Ahmed_Khan_B02.wav,Hassaan_Ahmed_Khan,B,"Deadline extend nahi hogi is bar, tum apna remaining work aaj raat hi complete karke tonight submit kar do please.",لئے نکسٹن نہیں ہوں گی اس بات ہم اپنا ریمینگ ورک آج رات ہی قبلیٹ کرکیٹو نیٹ سبیٹ کر دو پلیس,1.05
Hassaan_Ahmed_Khan_B03.wav,Hassaan_Ahmed_Khan,B,Yeh approach technically correct lag rahi hai lekin practically implement karna bohot mushkil hoga available limited resources ke saath.,یہ پر اوش ٹیکنی کو رہٹ لگ رئی ہے لیکن پیٹے گئے بلیمینٹ کنہ بہت مشکل ہوگا بہت بہت مشکل ہوگا بہت مشکل ہوگا بہت مشکل ہوگا بہت مشکل ہوگا بہت مشکل ہوگا بہت مشکل ہوگا بہت مشکل ہوگا بہت مشکل ہوگا بہت مشکل ہوگا بہت مشکل ہوگا بہت مشکل ہوگا بہت مشکل ہوگا بہت مشکل ہوگا بہت مشکل ہوگا بہت مشکل ہوگا بہت مشکل ہوگا بہت مشکل ہوگا بہت مشکل ہوگا بہت مشکل ہوگا بہت مشکل ہوگا بہت مشکل ہوگا بہت مشکل ہوگا بہت مشکل ہوگا بہت مشکل ہوگا بہت مشکل ہوگا بہت مشکل ہوگا بہت مشکل ہوگا بہت مشکل ہوگا بہت مشکل ہوگا بہت مشکل ہوگا بہت مشکل ہوگا بہت مشکل ہوگا بہت مشکل ہوگا بہت مشکل ہوگا بہت مشکل ہوگا بہت مشکل ہوگا بہت مشکل ہوگا بہت مشکل ہوگا بہت مشکل ہوگا بہت مشکل ہوگا بہت مشکل ہوگا بہت مشکل ہوگا بہت مشکل ہوگا بہت مشک,7.842105263
Hassaan_Ahmed_Khan_B04.wav,Hassaan_Ahmed_Khan,B,Usne presentation to deliver kar di lekin saare key points theek se cover hi nahi kiye the aur audience kaafi confused ho gayi.,پسنے پوزیٹیشن وڈیور ساتھ دی لیکن سارے کی ایپنانٹ تک سے کور ای نہیں کیے تھے اور آڈیاس کافی کنشیوٹ ہو گئی,1
Hassaan_Ahmed_Khan_B05.wav,Hassaan_Ahmed_Khan,B,"Report ko achhi tarah finalize karo aur phir manager ko detailed email kar do, yeh sab kuch before evening ho jana chahiye.",اپورٹ کو اچی تنہ فیلنیس کریں اور پھر مینجر کو ٹیلٹ ایمان فردہ یہ سب کچھ بھی فوری ایمیڈنگ ہو جانا چاہئے,1
Hassaan_Ahmed_Khan_B06.wav,Hassaan_Ahmed_Khan,B,"Dataset collection ke liye hum Google Forms use kar sakte hain, it is the easiest option aur sab ke liye equally accessible bhi hai.",نیتا سکت پڑکشن کے لئے ہم اوور فومجیوز کرتے ہیں ایک سب کے لئے ایک سکت بھی ہے,1
Hassaan_Ahmed_Khan_B07.wav,Hassaan_Ahmed_Khan,B,"Internship ke liye abhi apply karo, the deadline is next Friday aur online form available hai, is baar late mat karna bilkul.",انڈنشکلہ بھی اپلایٹ اوڑڑ لین این ایک اوڑڑڑڑڑڑڑڑڑڑڑڑڑڑڑڑڑڑڑڑڑڑڑڑڑڑڑڑڑڑڑڑڑڑڑڑڑڑڑڑڑڑڑڑڑڑڑڑڑڑڑڑڑڑڑڑڑڑڑڑڑڑڑڑڑڑڑڑڑڑڑڑڑڑڑڑڑڑڑڑڑڑڑڑڑڑڑڑڑڑڑڑڑڑڑڑڑڑڑڑڑڑڑڑڑڑڑڑڑڑڑڑڑڑڑڑڑڑڑڑڑڑڑڑڑڑڑڑڑڑڑڑڑڑڑڑڑڑڑڑڑڑڑڑڑڑڑڑڑڑڑڑڑڑڑڑڑڑڑڑڑڑڑڑڑڑڑڑڑڑڑڑڑڑڑڑڑڑڑڑڑڑڑڑڑڑڑڑڑڑڑڑڑڑڑڑڑڑڑڑڑڑڑڑڑڑڑ ,1
Hassaan_Ahmed_Khan_B08.wav,Hassaan_Ahmed_Khan,B,"Research paper submit karne se pehle achhi tarah plagiarism check karo, journal ke strict rules hain aur rejection afford nahi kar sakte.",سچ پے پر سمیٹ کرنے سے پہلے اچی طرح پلے جزیم دیکھ چیک کرو جرنل کے سٹریق شوالز ہیں اور رجاکشن افورنے کر سکتے ہیں,1.136363636
Hassaan_Ahmed_Khan_B09.wav,Hassaan_Ahmed_Khan,B,Usne interview mein confidently sawal to answer kiye lekin technical questions pe stuck ho gaya aur interviewer clearly impressed nahi tha.,اس نے انڈرview میں کنفنیٹلی سوال پہ انسر کیا لیکن ٹکنیکنکل گوشنس پہ اشتاک ہو گئے ہوں انڈرviewہ ایک دیل دیل دیل دیل دیل دیل دیل دیل دیل دیل دیل دیل دیل دیل دیل دیل دیل دیل دیل دیل دیل دیل دیل دیل دیل دیل دیل دیل دیل دیل دیل دیل دیل دیل دیل دیل دیل دیل دیل دیل دیل دیل دیل دیل دیل دیل دیل دیل دیل دیل دیل دیل دیل دیل دیل دیل دیل دیل دیل دیل دیل دیل دیل دیل دیل دیل دیل دیل دیل دیل دیل دیل دیل دیل دیل دیل دیل دیل دیل دیل دیل دیل دیل دیل دیل دیل دیل دیل دیل دیل دیل دیل دیل دیل دیل دیل دیل دیل دیل دیل دیل دیل دیل دیل دیل دیل دیل دیل دیل دیل دیل دیل دیل دیل دیل دیل دیل دیل دیل دیل دیل دیل دیل دیل دیل دیل دیل,6.952380952
Hassaan_Ahmed_Khan_B10.wav,Hassaan_Ahmed_Khan,B,Team ne feature successfully implement kar diya lekin testing phase mein multiple critical bugs nikle jo pehle notice hi nahi hue the.,دیم نی فیچر سکس سوری امپلیم انگا دیار لیکن تسٹنگ فیز میم مٹیپل کریٹیگال باغس نکھ بے جو بہل دیس پہلے نوتیس ہی نہیں ویتے,1.136363636
Hassaan_Ahmed_Khan_C01.wav,Hassaan_Ahmed_Khan,C,"Bhai honestly baat karein to yeh system properly designed nahi hai, backend bohot slow hai aur frontend pe bhi serious bugs hain jo weeks se fix nahi hue, team ko yeh sab immediately address karna chahiye tha.",بھائی اُنسلی بات کریں تو یہ سسٹم پروپری دیزائن نہیں ہے باکٹ بہت سلو ہے اور فرنٹن پیوی سیرس باظ ہے جو ویک سے فکس نہیں ہوئے ٹیم کو یہ سب امیدیٹلی ادرس کرنا چاہیے تھا,1
Hassaan_Ahmed_Khan_C02.wav,Hassaan_Ahmed_Khan,C,"Maine usse multiple times remind kiya tha lekin usne task assign karne ke baad koi proper follow-up nahi ki aur ab deadline miss ho gayi, client bohot upset hai aur situation handle karna din ba din mushkil ho raha hai.",میں نے سے ملٹپل ٹائنے سے مائن کیا تھا لیکن اس نے ٹاکھ سائن کرنے گیم بات تو فول آپ نہیں گی اور اب دل میں سو گئیل قلید بہت افسرٹ ہے اور سٹویشن ہندل کرنہ دن بادن مشکل ہو رہا ہے,1.05
Hassaan_Ahmed_Khan_C03.wav,Hassaan_Ahmed_Khan,C,"Model train karna start kiya tha lekin dataset imbalanced nikla aur accuracy bhi expected se bohot kam thi, ab pehle data clean karke dobara preprocess karna parega aur phir carefully se training dobara run karni hogi.",مولٹرین کرنا ڈاٹ ہی ہی اتا لیکن دیٹرستیم بہنس میکنہ اور ایک رسی بئی ایک سپیکٹٹ سے اوث کامتی اپنالی ریٹاکنین کر کے دبارہ پی پر سیس کرنا بڑے گا آپیل کے ایرفال کیرفلی سیٹرینڈنگ دبارہ رہن کرنی ہوگی,1.083333333
Hassaan_Ahmed_Khan_C04.wav,Hassaan_Ahmed_Khan,C,"Client ne initially sab kuch approve kiya tha lekin ab suddenly requirements change kar di hain aur poora workflow dobara design karna parega, delivery timeline bhi extend hogi aur is wajah se budget bhi seriously affect hoga.",نا انشلی سب کچھ اپروف کیا تھا لیکن اپسر انڈی کوئیمٹ سینچ کر دی ہیں اور پورا وقت پر دوارا رہا ہی زائین کرنا پڑے آل تلیری ٹیم لنی بی اکسٹن ہو گئی اور اس ویسے بجر بیسیرش لی افیکٹ ہو گئی,1.135135135
Hassaan_Ahmed_Khan_C05.wav,Hassaan_Ahmed_Khan,C,"Yaar I was literally telling him ke agar tum chahte ho ke results actually good aayein to proper effort lagana parega, yeh jo shortcut wala approach hai woh long term mein kabhi bhi kaam nahi karta seriously.",ایک ایک ایک ایک ایک ایک ایک ایک ایک ایک ایک ایک ایک ایک ایک ایک ایک ایک ایک ایک ایک ایک ایک ایک ایک ایک ایک ایک ایک ایک ایک ایک ایک ایک ایک ایک ایک ایک ایک ایک ایک ایک ایک ایک ایک ایک ایک ایک ایک ایک ایک ایک ایک ایک ایک ایک ایک ایک ایک ایک ایک ایک ایک ایک ایک ایک ایک ایک ایک ایک ایک ایک ایک ایک ایک ایک ایک ایک ایک ایک ایک ایک ایک ایک ایک ایک ایک ایک ایک ایک ایک ایک ایک ایک ایک ایک ایک ایک ایک ایک ایک ایک ایک ایک ایک ایک ایک ایک ایک ایک ایک ایک ایک ایک ایک ایک ایک ایک ایک ایک ایک ایک ایک ایک ایک ایک ایک ایک ایک ایک ایک ایک ایک ایک ایک ایک ایک ایک ایک ایک ایک ایک ایک ایک ایک ایک ایک ایک ایک ایک ایک ایک ایک ایک ایک ایک ایک ایک ایک ایک ایک ایک ایک ایک ایک ایک ایک ایک ایک ایک ایک ایک ایک ایک ایک ایک ایک ایک ایک ایک ایک ایک ایک ایک ایک ایک ایک ایک ایک ایک ایک ایک ایک ایک ایک ایک ایک ایک ایک ایک ایک ایک ایک ایک ایک ایک ایک ایک ایک ایک ایک ایک ایک ایک ایک ایک ایک ایک ایک ایک ایک ایک,6
Hassaan_Ahmed_Khan_C06.wav,Hassaan_Ahmed_Khan,C,"Honestly project almost done hai lekin backend mein abhi bhi kuch major issues hain aur frontend pe bhi bugs fix nahi hue, sab kuch before deployment theek karna parega warna production mein serious problems aayengi.",اُنسلی پر جات اُس مجھے اشوز ہمار فرنڈ پیوی باغس ایک سب کچھ بھی پڑا پڑا پڑا پڑا پڑا پڑا پڑا پڑا پڑا پڑا پڑا پڑا پڑا پڑا پڑا پڑا پڑا پڑا پڑا پڑا پڑا پڑا پڑا پڑا پڑا پڑا پڑا پڑا پڑا پڑا پڑا پڑا پڑا پڑا پڑا پڑا پڑا پڑا پڑا پڑا پڑا پڑا پڑا پڑا پڑا پڑا پڑا پڑا پڑا پڑا پڑا پڑا پڑا پڑا پڑا پڑا پڑا پڑا پڑا پڑا پڑا پڑا پڑا پڑا پڑا پڑا پڑا پڑا پڑا پڑا پڑا پڑا پڑا پڑا پڑا پڑا پڑا پڑا پڑا پڑا پڑا پڑا پڑا پڑا پڑا پڑا پڑا پڑا پڑا پڑا پڑا پڑا پڑا پڑا پڑا پڑا پڑا پڑا پڑا پ ,3.257142857
Hassaan_Ahmed_Khan_C07.wav,Hassaan_Ahmed_Khan,C,"Meeting mein usne clearly said kiya ke budget approved ho gaya hai, ab sirf proper implementation bacha hai aur poori team ko start karne se pehle achhi tarah onboard karna hoga taki sab same page par hon.",میٹیم میں اُس نے کیلی سیڈ کیا کہ بجٹ اپروب ہو گیا ہے اپسر پھر پھر انبینتیشن بچا ہے اور پڑی ٹیم کو start کرنے سے بہلے اچھ ہی تنہا انبوڑ کرنا ہو گا تاکہ سب سے پیچ پر ہوں,1.054054054
Hassaan_Ahmed_Khan_C08.wav,Hassaan_Ahmed_Khan,C,"Is machine learning model ki accuracy theek hai lekin precision aur recall dono kaafi low hain, isliye hyperparameters tune karne parenye aur shayad aur zyada training data collect karna parega behtar results ke liye.",ایس مشین لنی مورا جا کرسی تھی کر لیکن پیسین اور ایک ہل دونوں کا فیلو ہیں اس لے ہائیدہ پیرمیٹر ایسٹیون کرنے پرنے اور شاید اور زیادہ کنی ریٹا کرنا بڑے گا بیتے ریزلس کے لئے,1.088235294
Hassaan_Ahmed_Khan_C09.wav,Hassaan_Ahmed_Khan,C,"Usne apni presentation confidently deliver ki aur saare key points clearly cover kiye, lekin question answer session mein kuch technical queries pe woh stuck ho gaya aur judges ka confidence thoda shake hua usse.",انسوزیشن میں کچھ تکنکہ فیوڑیس پس بلوستک ہو گیا پر دیزیس کھا کنسہ تھوڑا شے گوہ اُس گے اُپر سے,1
Hassaan_Ahmed_Khan_C10.wav,Hassaan_Ahmed_Khan,C,"Maine usse clearly instruction di thi ke feature implement karne se pehle properly test karo, lekin usne directly production mein push kar diya aur ab system down hai aur saare users affected hain, yeh bohot badi mistake thi.",انتریکٹلی پڑکشن میں پوچھ کرتی ہے اور اپسیستم داؤن ہے و سارے ایسے افکٹٹٹ ہے یہ بہت بڑی مستیگ تھی,1
Muhammad_Abdullah_rafiq_A01.wav,Muhammad_Abdullah_rafiq,A,"Kal sham tak saray documents media par nashar kar diye jayen ge, is mein koi delay nahi honi chahiye.",کل شام تک سارے دکمٹس میڈیا پر نشر کر دیئے جائیں گے۔ اس میں کوئی دلے نہیں ہونی چایئے۔,1
Muhammad_Abdullah_rafiq_A02.wav,Muhammad_Abdullah_rafiq,A,"Yeh meeting abhi cancel nahi hogi, boss ne personally confirm kiya hai aur sab ko attend karna hoga.",یہ میٹن ابھی کنسل نہیں ہوگی باس نے پرسنری کنفرام کیا ہے اور سب کو اٹنٹ کرنا ہوگا,1
Muhammad_Abdullah_rafiq_A05.wav,Muhammad_Abdullah_rafiq,A,"System crash ho gaya tha isliye sara data delete ho gaya, ab se regular backup lena zaroori hai.",سیسٹم کرایش ہو گیا تھا اس پیس سارا دیٹہ دلیٹ ہو گیا اب سے رگلر بیکہ پلینہ ضروری ہے,1.055555556
Muhammad_Abdullah_rafiq_A06.wav,Muhammad_Abdullah_rafiq,A,"Mujhe yeh project deadline tak submit karna hai, warna marks cut ho jayenge aur GPA affect hoga.",مجھے یہ پروجیٹٹیڈ لائن تک سبمٹ کرنا ہے اونا ماکس کرتے ہو جائیں گے و جپی افیکٹ ہوگا,1.058823529
Muhammad_Abdullah_rafiq_A07.wav,Muhammad_Abdullah_rafiq,A,"Woh bahut professional banda hai, usse seriously lo aur uski feedback ko ignore mat karo bilkul.",وہ بہت پر فیشنیل بندہ ہے اسے سیریسلی لو اور اس کی فید باک کو اگنو رمت کر رو بلکل,1.25
Muhammad_Abdullah_rafiq_A08.wav,Muhammad_Abdullah_rafiq,A,"Yeh issue abhi tak resolve nahi hua, please follow up karo aur team ko kal tak update karte rehna.",یہ ایشو ابھی تک ریزالف نہیں ہوا اپلیز فالو اپ کرو اپ تیم کو کالتا کب دیٹ کرتے رہنا,1
Muhammad_Abdullah_rafiq_A09.wav,Muhammad_Abdullah_rafiq,A,"Mera laptop ki battery bohot jaldi low ho jati hai, agar charger hai to please lao warna kaam ruk jayega.",میرے لپٹوپ کی بیٹری بہت جلتی لوگ ہو جاتی ہے اگر چاہجر ہے تو پلیز لوگ پر نہ کام رکچے گا,1.05
Muhammad_Abdullah_rafiq_A10.wav,Muhammad_Abdullah_rafiq,A,"Assignment ka deadline extend hua kya is bar, kyunki main kuch din se bohot busy tha aur poora nahi ho paya.",اسائنمنٹ کا دیدلائن اکسٹنڈ ہوا کیا اسپائی کیوکیمہ کچھ دن سے بہت بزیدھا اور پورا نہیں ہوا پیا,1
Muhammad_Abdullah_rafiq_B01.wav,Muhammad_Abdullah_rafiq,B,Maine usse baar baar clearly explain kiya tha lekin usne properly respond nahi kiya aur ab poora project stuck ho gaya hai.,میں نے اسے بار بار کلیر لیکس پلین کیا تھا لیکن اس نے پروپلی اسپان نہیں کی اور اپورا پروجیکٹ ستاک ہو گئے ہیں,1.090909091
Muhammad_Abdullah_rafiq_B02.wav,Muhammad_Abdullah_rafiq,B,"Deadline extend nahi hogi is bar, tum apna remaining work aaj raat hi complete karke tonight submit kar do please.",دید اینکستان نہیں ہوگی اسمار تو مپنے ریمینگ برک آج راتی کمپیٹ کر کے تنائیٹ سبمٹ کر دو گیس,1
Muhammad_Abdullah_rafiq_B03.wav,Muhammad_Abdullah_rafiq,B,Yeh approach technically correct lag rahi hai lekin practically implement karna bohot mushkil hoga available limited resources ke saath.,یہ پروچ تکنیکلی قریکٹ لگ رہی ہے لیکن پرکٹکلی ایمپلمٹ کرنا بہت مشکل ہوگا ویلی بل لیمٹڈ ریسورسس کے ساتھ,1.052631579
Muhammad_Abdullah_rafiq_B04.wav,Muhammad_Abdullah_rafiq,B,Usne presentation to deliver kar di lekin saare key points theek se cover hi nahi kiye the aur audience kaafi confused ho gayi.,اس نے پریزنٹیشن تو دیور کر دی لیکن ساری کی پائنس ٹھیک سے کور ہی نہیں کیے تھے اور آڈیانس کافی کنفیلٹ ہو گئے۔,1.043478261
Muhammad_Abdullah_rafiq_B05.wav,Muhammad_Abdullah_rafiq,B,"Report ko achhi tarah finalize karo aur phir manager ko detailed email kar do, yeh sab kuch before evening ho jana chahiye.",ریپورٹ کو اچھی طرح فائنیلائیس کرو اور پھر مینجر کو دیٹیل دیمیل کر دو یہ سب کچھ بھی فور ایبنگ ہو جانا چاہیے,1.045454545
Muhammad_Abdullah_rafiq_B06.wav,Muhammad_Abdullah_rafiq,B,"Dataset collection ke liye hum Google Forms use kar sakte hain, it is the easiest option aur sab ke liye equally accessible bhi hai.",دیتہ ساتھ کلیکشن کے لئے ہم جوگل فارمز يوز کر سکتے ہیں. It is the easiest option & sub کے لئے ایک سسبل بھی ہے.,0.833333333
Muhammad_Abdullah_rafiq_B07.wav,Muhammad_Abdullah_rafiq,B,"Internship ke liye abhi apply karo, the deadline is next Friday aur online form available hai, is baar late mat karna bilkul.",انٹانشپ کے لیے بھی اپلائے کر رو the deadline is next Friday or online form available ہے اس بار لیٹ مت کر نا بلکل,0.727272727
Muhammad_Abdullah_rafiq_B08.wav,Muhammad_Abdullah_rafiq,B,"Research paper submit karne se pehle achhi tarah plagiarism check karo, journal ke strict rules hain aur rejection afford nahi kar sakte.",ریسرش پیپر سبیٹ کرنے سے پہلے اچھی درہ پلیجریزم چیک کرو جنیل گیسٹریٹ ٹوز ہے اور اجیکشن افوند نہیں کر سکتے,1
Muhammad_Abdullah_rafiq_B09.wav,Muhammad_Abdullah_rafiq,B,Usne interview mein confidently sawal to answer kiye lekin technical questions pe stuck ho gaya aur interviewer clearly impressed nahi tha.,اس نے انٹرگیوں میں کنفیرٹلی سوال تو آنسر کیے لیکن تکنکل کسٹنس پسٹاک ہو گیا اور انٹرگیوں کے لئے انٹرگیوں کے لئے انٹرگیوں کے لئے انٹرگیوں کے لئے انٹرگیوں کے لئے انٹرگیوں کے لئے انٹرگیوں کے لئے انٹرگیوں کے لئے انٹرگیوں کے لئے انٹرگیوں کے لئے انٹرگیوں کے لئے انٹرگیوں کے لئے انٹرگیوں کے لئے انٹرگیوں کے لئے انٹرگیوں کے لئے انٹرگیوں کے لئے انٹرگیوں کے لئے انٹرگیوں کے لئے انٹرگیوں کے لئے انٹرگیوں کے لئے انٹرگیوں کے لئے انٹرگیوں کے لئے انٹرگیوں کے لئے انٹرگیوں کے لئے انٹرگیوں کے لئے انٹرگیوں کے لئے انٹرگیوں کے لئے انٹرگیوں کے لئے انٹرگیوں کے لئے انٹرگیوں کے لئے انٹرگیوں کے لئے انٹرگیوں کے لئے انٹرگیوں کے لئے انٹرگیوں کے لئے انٹرگیوں کے لئے انٹرگیوں کے لئے انٹرگیوں کے لئے انٹرگیوں کے لئے انٹرگیوں کے لئے انٹرگی,6.380952381
Muhammad_Abdullah_rafiq_B10.wav,Muhammad_Abdullah_rafiq,B,Team ne feature successfully implement kar diya lekin testing phase mein multiple critical bugs nikle jo pehle notice hi nahi hue the.,ٹیم نے فیچر سکسسفل امپلیمٹ کا دیا لیکن ٹیسٹنگ فیز نے ملٹپل کرتکل باغز نکلے جو پیلے نوٹیس ہونی ہی ہوئے تھے,1
Muhammad_Abdullah_rafiq_C01.wav,Muhammad_Abdullah_rafiq,C,"Bhai honestly baat karein to yeh system properly designed nahi hai, backend bohot slow hai aur frontend pe bhi serious bugs hain jo weeks se fix nahi hue, team ko yeh sab immediately address karna chahiye tha.",بھائی آنسلی بات کریں تو یہ سیسٹم پروپنی دیزائن نہیں ہے باکن بہت سلو ہے اور فرنٹنٹ میں بھی سیریس باغزائیں جو بھی ایک سفیکس نہیں ہوئے تیم کو یہ سب امیچیٹلی اٹرس کرنا چاہیے تھا,1
Muhammad_Abdullah_rafiq_C02.wav,Muhammad_Abdullah_rafiq,C,"Maine usse multiple times remind kiya tha lekin usne task assign karne ke baad koi proper follow-up nahi ki aur ab deadline miss ho gayi, client bohot upset hai aur situation handle karna din ba din mushkil ho raha hai.",میں نے اسے ملٹپل ٹائنز رمائن کیا تھا دیکھنے اس نے ٹاسپ ٹیزائن کرنے کے بعد کوئی پروپر فالو آپ نہیں کی اور اب ٹیڈ لائن میں سو گئی کلائن پوہت اپسٹ ہے اور سٹویشن ہندل کرنا دن بگے مشکل ہو رہا ہے,1.075
Muhammad_Abdullah_rafiq_C03.wav,Muhammad_Abdullah_rafiq,C,"Model train karna start kiya tha lekin dataset imbalanced nikla aur accuracy bhi expected se bohot kam thi, ab pehle data clean karke dobara preprocess karna parega aur phir carefully se training dobara run karni hogi.",موڑل ٹین کرنا start کیا تھا لیکن 데ٹہ سٹ ایم بیلنس ٹیکلا اور ایک رسی بھی ایک سپیکڈڈ سے بہت کام تھی اب پہلی ٹیک لین کر کے دبارہ پی پروسس کرنا پڑے گا پھر قیف وڈی سے ٹینیم دبارہ رنگر نہیں ہوئی,1.166666667
Muhammad_Abdullah_rafiq_C04.wav,Muhammad_Abdullah_rafiq,C,"Client ne initially sab kuch approve kiya tha lekin ab suddenly requirements change kar di hain aur poora workflow dobara design karna parega, delivery timeline bhi extend hogi aur is wajah se budget bhi seriously affect hoga.",کلینڈ نیشڈی سب کچھ سپروف کیا تھا لیکن اپسڑنڈی رکوائرمڈ سینچ کارتی ہیں اور پورا وقت سو دبارہ دیزائن کرنا پڑے گا بلیوڑی ٹیم لینڈ بھی ایک سٹنڈ ہوگی اور اس ویڈیس بجٹ پی سیڈیس کی افیکٹ ہوگا,1.027027027
Muhammad_Abdullah_rafiq_C05.wav,Muhammad_Abdullah_rafiq,C,"Yaar I was literally telling him ke agar tum chahte ho ke results actually good aayein to proper effort lagana parega, yeh jo shortcut wala approach hai woh long term mein kabhi bhi kaam nahi karta seriously.",ایر ایر ایر ایر ایر ایر ایر ایر ایر ایر ایر ایر ایر ایر ایر ایر ایر ایر ایر ایر ایر ایر ایر ایر ایر ایر ایر ایر ایر ایر ایر ایر ایر ایر ایر ایر ایر ایر ایر ایر ایر ایر ایر ایر ایر ایر ایر ایر ایر ایر ایر ایر ایر ایر ایر ایر ایر ایر ایر ایر ایر ایر ایر ایر ایر ایر ایر ایر ایر ایر ایر ایر ایر ایر ایر ایر ایر ایر ایر ایر ایر ایر ایر ایر ایر ایر ایر ایر ایر ایر ایر ایر ایر ایر ایر ایر ایر ایر ایر ایر ایر ایر ایر ایر ایر ایر ایر ایر ایر ایر ایر ایر ایر ایر ایر ایر ایر ایر ایر ایر ایر ایر ایر ایر ایر ایر ایر ایر ایر ایر ایر ایر ایر ایر ایر ایر ایر ایر ایر ایر ایر ایر ایر ایر ایر ایر ایر ایر,4
Muhammad_Abdullah_rafiq_C06.wav,Muhammad_Abdullah_rafiq,C,"Honestly project almost done hai lekin backend mein abhi bhi kuch major issues hain aur frontend pe bhi bugs fix nahi hue, sab kuch before deployment theek karna parega warna production mein serious problems aayengi.",آنسلی پروجیکٹ آر مستان ہے لیکن بیکن میں بھی بچ مجریشوز ہے اور فرنٹن پے بھی بقس فکس نہیں ہوئے سب کچھ بھی فورد اپلایمان کی کرنا پڑے گا وہنا پڑکشن میں سیڈیس پروبنز آئے گی,1.028571429
Muhammad_Abdullah_rafiq_C07.wav,Muhammad_Abdullah_rafiq,C,"Meeting mein usne clearly said kiya ke budget approved ho gaya hai, ab sirf proper implementation bacha hai aur poori team ko start karne se pehle achhi tarah onboard karna hoga taki sab same page par hon.",میٹنگ میں اس نے کلیرلی سد کیا کہ بجٹ پروب ہو گیا ہے اور صرف پروپر امپریمٹیشن بچا ہے اور پوری ٹیم پوستار کرنے سے پہلے چیگر آنبوڈ کرنا ہو گیا تھا کہ سب سیم پیش پر ہو۔,1.027027027
Muhammad_Abdullah_rafiq_C08.wav,Muhammad_Abdullah_rafiq,C,"Is machine learning model ki accuracy theek hai lekin precision aur recall dono kaafi low hain, isliye hyperparameters tune karne parenye aur shayad aur zyada training data collect karna parega behtar results ke liye.",اس مشین لنی مدل کیا کہ رسیت ہی ہے لیکن پر سیین اور ریقال تو لوکہ فیلو ہے اس کی ہائی پر پیرمیٹر سٹیون کرنے پڑھیں گے اور شہید اور از ہادہ ترینیگ دیٹھا کلیکٹ کرنا پڑے گا بے ترزنٹس کے لئے,1.235294118
Muhammad_Abdullah_rafiq_C09.wav,Muhammad_Abdullah_rafiq,C,"Usne apni presentation confidently deliver ki aur saare key points clearly cover kiye, lekin question answer session mein kuch technical queries pe woh stuck ho gaya aur judges ka confidence thoda shake hua usse.",اس نے اپنی پیزنٹیشن کنفیڈیڈیڈیڈیڈیڈیڈیڈیڈیڈیڈیڈیڈیڈیڈیڈیڈیڈیڈیڈیڈیڈیڈیڈیڈیڈیڈیڈیڈیڈیڈیڈیڈیڈیڈیڈیڈیڈیڈیڈیڈیڈیڈیڈیڈیڈیڈیڈیڈیڈیڈیڈیڈیڈیڈیڈیڈیڈیڈیڈیڈیڈیڈیڈیڈیڈیڈیڈیڈیڈیڈیڈیڈیڈیڈیڈیڈیڈیڈیڈیڈیڈیڈیڈیڈیڈیڈیڈیڈیڈیڈیڈیڈیڈیڈیڈیڈیڈیڈیڈیڈیڈیڈیڈیڈیڈیڈیڈیڈیڈیڈیڈیڈیڈیڈیڈیڈیڈیڈیڈیڈیڈیڈیڈیڈیڈیڈیڈیڈیڈیڈیڈیڈیڈیڈیڈیڈیڈیڈیڈیڈیڈی,1
Muhammad_Abdullah_rafiq_C10.wav,Muhammad_Abdullah_rafiq,C,"Maine usse clearly instruction di thi ke feature implement karne se pehle properly test karo, lekin usne directly production mein push kar diya aur ab system down hai aur saare users affected hain, yeh bohot badi mistake thi.",میں نے اسے کلی ایلی انسٹرکشن دی تھی کہ فیچہ انڈرمنٹ کرنے اس پہلے پروپلی ٹیست کرو لیکن اس نے دیریکلی پڑکشن میں پشکارتی ہے اور اپسیستم داؤن ہے اور یہ ساری ایزر سپیکٹڈ ہے یہ بہت بڑی مستیق تھی,1.052631579
Muhammad_Moeen_Ud_Din_Ali_A01.wav,Muhammad_Moeen_Ud_Din_Ali,A,"Kal sham tak saray documents media par nashar kar diye jayen ge, is mein koi delay nahi honi chahiye.",کل شام تک سارے دکومٹس میڈیا پڑنشر کر دیا جائیں گے۔ اس میں کوئی دلے نہیں ہوا نا چاہیے۔,1
Muhammad_Moeen_Ud_Din_Ali_A02.wav,Muhammad_Moeen_Ud_Din_Ali,A,"Yeh meeting abhi cancel nahi hogi, boss ne personally confirm kiya hai aur sab ko attend karna hoga.",یہ میٹنگ ابھی کنسل نہیں ہوگی باہس نے پرسنلی کنفرم کیا ہے اور سب کو اٹن کرنا ہوگا,1
Muhammad_Moeen_Ud_Din_Ali_A03.wav,Muhammad_Moeen_Ud_Din_Ali,A,"Project ka final review kal subah hoga, isliye aaj raat tak apna kaam complete kar lo aur tayar raho.",پروجٹ کا فائنل رویو کل سبہ ہوگا اس لئے آج رات تک اپنا کام قمpleیٹ کرلو اور تیار ہو,1
Muhammad_Moeen_Ud_Din_Ali_A04.wav,Muhammad_Moeen_Ud_Din_Ali,A,"Uska performance is semester mein kaafi improve hua hai, professors bhi usse appreciate kar rahe hain.",اُس کا پر فومنس اس مستر میں کافی امپروف ہوا ہے۔ پروفیسرس بھی اسے اپریشیٹ کر رہے ہیں۔,1.125
Muhammad_Moeen_Ud_Din_Ali_A05.wav,Muhammad_Moeen_Ud_Din_Ali,A,"System crash ho gaya tha isliye sara data delete ho gaya, ab se regular backup lena zaroori hai.",سیستم کراش ہو گیا تھا اس لیے سارا دیٹھا دیلیٹ ہو گیا اب سے رگولر بیکہ بلینہ ضروری ہے,1.055555556
Muhammad_Moeen_Ud_Din_Ali_A06.wav,Muhammad_Moeen_Ud_Din_Ali,A,"Mujhe yeh project deadline tak submit karna hai, warna marks cut ho jayenge aur GPA affect hoga.",مجھے یہ پر آجیک دید لائیں تک سمیٹ کرنا ہے وانا مارک سکٹ ہو جائیں گے اور جپی اپکٹ ہوگا,1.176470588
Muhammad_Moeen_Ud_Din_Ali_A07.wav,Muhammad_Moeen_Ud_Din_Ali,A,"Woh bahut professional banda hai, usse seriously lo aur uski feedback ko ignore mat karo bilkul.",وہ بہت پر فیشنر بندہ ہے اسے سیریسلی لو اور اس کی فیلت بیک کو اگنور مد کرو بلکل,1.1875
Muhammad_Moeen_Ud_Din_Ali_A08.wav,Muhammad_Moeen_Ud_Din_Ali,A,"Yeh issue abhi tak resolve nahi hua, please follow up karo aur team ko kal tak update karte rehna.",یہ ایشو ابھی تک ریزال نہیں ہوا۔ لیس فالوپ کرو اور ٹیم کو کل تک ابڑیٹ کرتے رہنا۔,1
Muhammad_Moeen_Ud_Din_Ali_A09.wav,Muhammad_Moeen_Ud_Din_Ali,A,"Mera laptop ki battery bohot jaldi low ho jati hai, agar charger hai to please lao warna kaam ruk jayega.",میرے لیپتاپ کی بیٹری بہت جلڑی لو ہو جاتی ہے اگر چارجر ہے تو پلیز لوگ ورنا کام رک جائے گا,1.05
Muhammad_Moeen_Ud_Din_Ali_A10.wav,Muhammad_Moeen_Ud_Din_Ali,A,"Assignment ka deadline extend hua kya is bar, kyunki main kuch din se bohot busy tha aur poora nahi ho paya.",حسائیمین کا دردلین اکسٹن ہوا کیا اس بار کیونکہ میں کچھ دن سے بہت بیزی تھا اور پورا نہیں ہوا پیا,1
Muhammad_Moeen_Ud_Din_Ali_B01.wav,Muhammad_Moeen_Ud_Din_Ali,B,Maine usse baar baar clearly explain kiya tha lekin usne properly respond nahi kiya aur ab poora project stuck ho gaya hai.,میں نے اسے بار بار پلیڑی ایک سپین کیا تھا۔ لیکن اس نے پرپرڑی ایک سپون نہیں کیا۔ اور اب پورا پروجیکٹ ستک ہو گیا ہے۔,1.181818182
Muhammad_Moeen_Ud_Din_Ali_B02.wav,Muhammad_Moeen_Ud_Din_Ali,B,"Deadline extend nahi hogi is bar, tum apna remaining work aaj raat hi complete karke tonight submit kar do please.",دادلین اکسٹن نہیں ہو گی اس بار تم اپنا ریمینگ ورک آج راثی کمپلیٹ کر کے کنیٹ سبمٹ کر دو پلیز,1.05
Muhammad_Moeen_Ud_Din_Ali_B03.wav,Muhammad_Moeen_Ud_Din_Ali,B,Yeh approach technically correct lag rahi hai lekin practically implement karna bohot mushkil hoga available limited resources ke saath.,یہ اپروش ٹکنیکلی کراکٹ لگ رہی ہے لیکن پرکٹیکلی ایمپلیمٹ کرنا بہت مشکل ہوگا اویلی بل لیمانٹر ریسورسیز کے ساتھ,1.052631579
Muhammad_Moeen_Ud_Din_Ali_B04.wav,Muhammad_Moeen_Ud_Din_Ali,B,Usne presentation to deliver kar di lekin saare key points theek se cover hi nahi kiye the aur audience kaafi confused ho gayi.,اس نے پیزنٹیشن تو دلیور کر دی دیکھن سارے کی پوائنس ٹیک سے کور ہی نہیں کیا تھے اور آرڈینس کافی کنفیست ہو گئی,1.043478261
Muhammad_Moeen_Ud_Din_Ali_B05.wav,Muhammad_Moeen_Ud_Din_Ali,B,"Report ko achhi tarah finalize karo aur phir manager ko detailed email kar do, yeh sab kuch before evening ho jana chahiye.",پریپورٹ کو اچھی طرف فائنیلیسٹ کرو اور پریمینیجر کو دیٹیلٹ ایمیل کر دو یہ سب کش بھی فور ایوڈنگ ہو جانا چاہیر,1
Muhammad_Moeen_Ud_Din_Ali_B06.wav,Muhammad_Moeen_Ud_Din_Ali,B,"Dataset collection ke liye hum Google Forms use kar sakte hain, it is the easiest option aur sab ke liye equally accessible bhi hai.",دیتا سٹ کلیکشن کے لئے ہم گول فارمز يوز کر سکتے ہیں. It is the easiest option or sub کے لئے. Equally accessible بھی ہے.,0.75
Muhammad_Moeen_Ud_Din_Ali_B07.wav,Muhammad_Moeen_Ud_Din_Ali,B,"Internship ke liye abhi apply karo, the deadline is next Friday aur online form available hai, is baar late mat karna bilkul.",انٹرنشپ کے لیے ابھی اپلای کرو. The deadline is next Friday for online a form available. اس بر لیٹ مت کرنا بالکل.,0.727272727
Muhammad_Moeen_Ud_Din_Ali_B08.wav,Muhammad_Moeen_Ud_Din_Ali,B,"Research paper submit karne se pehle achhi tarah plagiarism check karo, journal ke strict rules hain aur rejection afford nahi kar sakte.",پیسرش پیپر سبمٹ کرنے سے پہلے اچھی طرح بلجریزم چکڑ کروں جرنڈلس کے سٹریق روز ہیں اور ریجیکشن افوڑ نہیں کر سکتے,1
Muhammad_Moeen_Ud_Din_Ali_B09.wav,Muhammad_Moeen_Ud_Din_Ali,B,Usne interview mein confidently sawal to answer kiye lekin technical questions pe stuck ho gaya aur interviewer clearly impressed nahi tha.,اس نے انٹرவیوں میں کنفڑنٹلی سوال تو انسر کی علیکن تکنکل کسٹنس پیسٹاک ہو گیا اور انٹرவیوٹ پیلی ایم پیسٹ نہیں تھا۔,1.047619048
Muhammad_Moeen_Ud_Din_Ali_B10.wav,Muhammad_Moeen_Ud_Din_Ali,B,Team ne feature successfully implement kar diya lekin testing phase mein multiple critical bugs nikle jo pehle notice hi nahi hue the.,ٹیم نے فیچر سکسسفل ایمپنٹ کر دیا لیکن ٹیسٹین فیز میں ملٹپل پیڑکل بگس نکلے جو پہلے نوٹی سی نہیں گوے تھے,1
Muhammad_Moeen_Ud_Din_Ali_C01.wav,Muhammad_Moeen_Ud_Din_Ali,C,"Bhai honestly baat karein to yeh system properly designed nahi hai, backend bohot slow hai aur frontend pe bhi serious bugs hain jo weeks se fix nahi hue, team ko yeh sab immediately address karna chahiye tha.",بھائی آنسلی بات کریں تو یہ سیستم پروپرلی دیزائیں گے۔ بیک اور بہت سلو ہے اور فرنٹ اور پے بھی سیڈیس بگ سے۔ جو بیکس سے فکس نہیں ہوئے۔ تیمس کو یہ سب انجرٹ لید ادرس کرنا چاہیے تھا۔,1.054054054
Muhammad_Moeen_Ud_Din_Ali_C02.wav,Muhammad_Moeen_Ud_Din_Ali,C,"Maine usse multiple times remind kiya tha lekin usne task assign karne ke baad koi proper follow-up nahi ki aur ab deadline miss ho gayi, client bohot upset hai aur situation handle karna din ba din mushkil ho raha hai.",میں نے اسے ملٹپر ٹیمس ریمائن کیا تھا لیکن اس نے تسک اسائن کرنے کے بعد کوئی پروپر فالو اپنے کی اور اب دیدڑائن میں سو گئی۔ کلایٹ بہت اپسٹ ہے اور سیٹویشن ہندل کرنا دن بہتن مشکل ہو رہا ہے۔,1.025
Muhammad_Moeen_Ud_Din_Ali_C03.wav,Muhammad_Moeen_Ud_Din_Ali,C,"Model train karna start kiya tha lekin dataset imbalanced nikla aur accuracy bhi expected se bohot kam thi, ab pehle data clean karke dobara preprocess karna parega aur phir carefully se training dobara run karni hogi.",مرڈرٹرین کرنہ start کیا تھا لیکن data set im balanced niklaw اور accuracy be expected سے بہت کم تھی اب پہلے data clean کر کے دبارہ پری پر آسکرنا پڑے گا اور پھر carefully sit training دبارہ رن کرنی ہوگی,0.944444444
Muhammad_Moeen_Ud_Din_Ali_C04.wav,Muhammad_Moeen_Ud_Din_Ali,C,"Client ne initially sab kuch approve kiya tha lekin ab suddenly requirements change kar di hain aur poora workflow dobara design karna parega, delivery timeline bhi extend hogi aur is wajah se budget bhi seriously affect hoga.",قائنٹ میں انیشیلی سب کوش اپروف کیا تھا۔ لیکن اب سدنڑی رکوائیمٹ سجنش کر دی ہیں اور پورہ ورک فلو دبارہ دیزائن کرنا پڑے گا۔ دلیوڑی ٹیملین بھی ایک سٹنڈ ہوگی اور اس وجہ سے بجد بیسیلی افتٹ ہوگا۔,1.054054054
Muhammad_Moeen_Ud_Din_Ali_C05.wav,Muhammad_Moeen_Ud_Din_Ali,C,"Yaar I was literally telling him ke agar tum chahte ho ke results actually good aayein to proper effort lagana parega, yeh jo shortcut wala approach hai woh long term mein kabhi bhi kaam nahi karta seriously.","یا I was literally telling him that if you want to get results actually good, then you have to put proper effort. This short cut approach does not work in long term seriously.",0.756756757
Muhammad_Moeen_Ud_Din_Ali_C06.wav,Muhammad_Moeen_Ud_Din_Ali,C,"Honestly project almost done hai lekin backend mein abhi bhi kuch major issues hain aur frontend pe bhi bugs fix nahi hue, sab kuch before deployment theek karna parega warna production mein serious problems aayengi.",آنسلی پروجیکت اولمس دن ہے لیکن بیکن میں بھی کچھ میجر ایشوز ہے اور فرنٹن پے بھی بگس فیکس نہیں ہے سب کچھ بھی فور دپلویمان تھی کرنا پڑے گا پڑڑکشن میں سیریس پروبلمس آئیں گی,1.028571429
Muhammad_Moeen_Ud_Din_Ali_C07.wav,Muhammad_Moeen_Ud_Din_Ali,C,"Meeting mein usne clearly said kiya ke budget approved ho gaya hai, ab sirf proper implementation bacha hai aur poori team ko start karne se pehle achhi tarah onboard karna hoga taki sab same page par hon.",میٹنگ میں اس نے کلیلی سیڈ کیا کہ بجٹ اپروڈ ہو گیا ہے اب صرف پر آپر ایمپرینٹیشن بچا ہے اور پوڑی ٹیم کو start کرنے سے بہلے اچھی طرح اون بورٹ کرنا ہوگا تاکی سب سیم پیش پر ہوں,1.054054054
Muhammad_Moeen_Ud_Din_Ali_C08.wav,Muhammad_Moeen_Ud_Din_Ali,C,"Is machine learning model ki accuracy theek hai lekin precision aur recall dono kaafi low hain, isliye hyperparameters tune karne parenye aur shayad aur zyada training data collect karna parega behtar results ke liye.",اس مشین لڑنین کی مرڈل کی اکڑے سے تک ہے لیکن ریسیان اور ری کال دونوں کا فیلوں ہیں اسلے ہائپر پیرمیٹر سٹیون کرنے پڑنے اور شاید اور زیادہ ٹریینگ دیٹا کلک کرنا پڑے گا بہتر ازردس کے لئے,1.147058824
Muhammad_Moeen_Ud_Din_Ali_C09.wav,Muhammad_Moeen_Ud_Din_Ali,C,"Usne apni presentation confidently deliver ki aur saare key points clearly cover kiye, lekin question answer session mein kuch technical queries pe woh stuck ho gaya aur judges ka confidence thoda shake hua usse.",اُس نے اپنی پیزنڈیشن کنفیڈنٹلیور کی اور سارے کی پوائنس کلیڈی کور کی۔ لیکن کسشن آنسر سیشن میں کچھ ٹیکنیکل پیڈیز پیوستک ہو گیا اور ججیز کا کنفیڈنس تھوڑا شیک ہوا۔ اُس کے اوپر سے۔,1.029411765
Muhammad_Moeen_Ud_Din_Ali_C10.wav,Muhammad_Moeen_Ud_Din_Ali,C,"Maine usse clearly instruction di thi ke feature implement karne se pehle properly test karo, lekin usne directly production mein push kar diya aur ab system down hai aur saare users affected hain, yeh bohot badi mistake thi.",میں نے اسے کلیل انسٹرکشن دی تھی کہ فیچر ایمپنٹ کرنے سے پہلے پروپرٹی تیسٹ کرو۔ لیکن اس نے دیکھلی کو پروٹکشن میں پش کر دیا اور اب سیسٹم دون ہے اور سارے ایسرز افکٹڈ ہے یہ بہت بڑی مستیک ہے,1.078947368
Muhammad_Musab_A01.wav,Muhammad_Musab,A,"Kal sham tak saray documents media par nashar kar diye jayen ge, is mein koi delay nahi honi chahiye.",کل شام تکسارے دوکومٹس میڈیا پر نشکر دیگے جائیں گے اس میں کوئیٹ لے نہیں ہون نہیں جائیے,1
Muhammad_Musab_A02.wav,Muhammad_Musab,A,"Yeh meeting abhi cancel nahi hogi, boss ne personally confirm kiya hai aur sab ko attend karna hoga.",یہ میٹنگ اب بھی کنسل نہیں ہوگی بہوس نے پس میں کنفم کیا ہے اور سب کو اٹن کرنا ہوگا,1.111111111
Muhammad_Musab_A03.wav,Muhammad_Musab,A,"Project ka final review kal subah hoga, isliye aaj raat tak apna kaam complete kar lo aur tayar raho.",پڑجیکٹ کا فیننڈیو کل سوبا ہوگا ایسلی آئے را تک اپنے کام پڑیک کرلو اور تیار رہو,1
Muhammad_Musab_A04.wav,Muhammad_Musab,A,"Uska performance is semester mein kaafi improve hua hai, professors bhi usse appreciate kar rahe hain.",اس کا پر فامس اس سناسٹر میں کافی انپروب ہوا ہے پر فیسرس بھی اسے اپشیٹ کر رہے ہیں,1.1875
Muhammad_Musab_A05.wav,Muhammad_Musab,A,"System crash ho gaya tha isliye sara data delete ho gaya, ab se regular backup lena zaroori hai.",سیسٹن کرایش ہو گیا تھا اسلی سارہ دیادہ تلید ہو گیا اپسے رگولہ بیکر لینہ ضرودی ہے,1
Muhammad_Musab_A06.wav,Muhammad_Musab,A,"Mujhe yeh project deadline tak submit karna hai, warna marks cut ho jayenge aur GPA affect hoga.",مجھے یہ پجیٹر لین تک سمیٹ کرنا ہے وانا ماکت ہو جائیں گے و جپی افیکٹ ہوگا,1
Muhammad_Musab_A07.wav,Muhammad_Musab,A,"Woh bahut professional banda hai, usse seriously lo aur uski feedback ko ignore mat karo bilkul.",جو بہت پر فیشنر بندہ ہے اُسے فیلیت سیلو اُس کی فیل بہت کو اگنوان مد کرو بلکل,1.125
Muhammad_Musab_A08.wav,Muhammad_Musab,A,"Yeh issue abhi tak resolve nahi hua, please follow up karo aur team ko kal tak update karte rehna.",یہ ایشو ابھی تک ریزال نہیں واپلی فولو اپ کرو اور ٹیم وہ کل تک اب دید کرتے رہنا,1
Muhammad_Musab_A09.wav,Muhammad_Musab,A,"Mera laptop ki battery bohot jaldi low ho jati hai, agar charger hai to please lao warna kaam ruk jayega.",میری رہتاپ کی بیٹری بو جلدی لو جاتی ہے اگر چاہجر ہے تو پلی لاؤ وڑنا کام رب جائے گا,1
Muhammad_Musab_A10.wav,Muhammad_Musab,A,"Assignment ka deadline extend hua kya is bar, kyunki main kuch din se bohot busy tha aur poora nahi ho paya.",سائمان کا دلیکسٹن ہوا کیا اس بار کیونکہ میں کچھ دن سے بہت بیزی تھا اور پورا نہیں ہوا پیا,1
Muhammad_Musab_B01.wav,Muhammad_Musab,B,Maine usse baar baar clearly explain kiya tha lekin usne properly respond nahi kiya aur ab poora project stuck ho gaya hai.,میں اسے بار باقلی لیٹھ سپین کیا تھا لیکن اس نے پروپلگ اسپول نہیں کیا اور اب پورا پڑیسٹا کو گئے۔,1
Muhammad_Musab_B02.wav,Muhammad_Musab,B,"Deadline extend nahi hogi is bar, tum apna remaining work aaj raat hi complete karke tonight submit kar do please.",دلینکسٹڈ نہیں ہوگی فارتوں اپنا کامر میننگ ورک آج داتھ ہی کمپریٹ کرکے تو نائٹ سمیٹ کر بو پلیس,1
Muhammad_Musab_B03.wav,Muhammad_Musab,B,Yeh approach technically correct lag rahi hai lekin practically implement karna bohot mushkil hoga available limited resources ke saath.,یہ پروٹ تکنگلی کتک لگرئی ہے لیکن پریٹکلی ایمپلیوانٹ کننا بہت مشکل ہوگا اور لیبال ایمٹیڈ رسوزیز کے ساتھ,1
Muhammad_Musab_B04.wav,Muhammad_Musab,B,Usne presentation to deliver kar di lekin saare key points theek se cover hi nahi kiye the aur audience kaafi confused ho gayi.,اس نے فرزمدیشن تو دیوہ کر دی لیکن سارے کی پوانٹ ایک سے قوار ہی نہیں گئے تھے اور یہ کافی کنفیوز ہو گئے۔,1.043478261
Muhammad_Musab_B05.wav,Muhammad_Musab,B,"Report ko achhi tarah finalize karo aur phir manager ko detailed email kar do, yeh sab kuch before evening ho jana chahiye.",ریپورٹ کو اچھی طرح فینا نائیس کرو اور پیس مینجر کو تیل ایمیل کر دو یہ سب کچھ بھی فور ایبنی ہو جانا چاہیے,1.090909091
Muhammad_Musab_B06.wav,Muhammad_Musab,B,"Dataset collection ke liye hum Google Forms use kar sakte hain, it is the easiest option aur sab ke liye equally accessible bhi hai.",دیٹا کلکسٹ کلکشن کے لئے ہم گور فورم جوز کر سکتے ہیں. It is the easiest option. اور سب کے لئے ایکو لیس اسی بل بھی ہے.,0.958333333
Muhammad_Musab_B07.wav,Muhammad_Musab,B,"Internship ke liye abhi apply karo, the deadline is next Friday aur online form available hai, is baar late mat karna bilkul.",انٹرنشپ کیلئی ابھی اپلای کرو the deadline in next Friday or online form available ایسکار لیٹ مد کرنا بلکل,0.681818182
Muhammad_Musab_B08.wav,Muhammad_Musab,B,"Research paper submit karne se pehle achhi tarah plagiarism check karo, journal ke strict rules hain aur rejection afford nahi kar sakte.",ایساچ پیپر سمیٹ کننیز پہلے اچی طرح اپلے جلیدم چیک کرو جنل کسٹریک روز ہیں اور دیجاکشن اور فول نہیں کر سکتے,1
Muhammad_Musab_B09.wav,Muhammad_Musab,B,Usne interview mein confidently sawal to answer kiye lekin technical questions pe stuck ho gaya aur interviewer clearly impressed nahi tha.,اس سے انٹر بیوں میں کمثنلی سوال تو انسر کیا ہے لیکن ٹیکنی کا کسٹنس پسٹاک ہو گیا اور انٹر ریر کلیلیم پر از نہیں تھا,1.238095238
Muhammad_Musab_B10.wav,Muhammad_Musab,B,Team ne feature successfully implement kar diya lekin testing phase mein multiple critical bugs nikle jo pehle notice hi nahi hue the.,دیم نے فیچھا سکسکسکسکسکلی انپریمان کر دیا لیکن تیسٹنک فیمہ مالدیپل تریدیتل بغنکلے جو پیلے نوڑی فیوے نہیں دے,1
Muhammad_Musab_C01.wav,Muhammad_Musab,C,"Bhai honestly baat karein to yeh system properly designed nahi hai, backend bohot slow hai aur frontend pe bhi serious bugs hain jo weeks se fix nahi hue, team ko yeh sab immediately address karna chahiye tha.",بھائی آنلسی بات کریں تو یہ سیسٹم پروپلیو دیزائیں نہیں ہے بیکن بہت سلو ہے اور فرنٹر پہ بھی سیگیس باکس ہیں جو بیق سے فکس نہیں ہوئے ٹیم کو یہ سب ایمیڈیلی کے درس کرنا چاہیے تھا,1.027027027
Muhammad_Musab_C02.wav,Muhammad_Musab,C,"Maine usse multiple times remind kiya tha lekin usne task assign karne ke baad koi proper follow-up nahi ki aur ab deadline miss ho gayi, client bohot upset hai aur situation handle karna din ba din mushkil ho raha hai.",میں نے اسے ملٹی پر ٹائنیز رمائن کیا تھا لیکن اس نے تاکھ سائن کرنے کے بعد کوئی پروپر فولو آپ نہیں کی اور اب دلائمی سو بھی۔ قلائن بہت اپساٹ ہے اور سٹیوشن حیل کرنا دین مدی مشکل ہو رہا ہے۔,1.05
Muhammad_Musab_C03.wav,Muhammad_Musab,C,"Model train karna start kiya tha lekin dataset imbalanced nikla aur accuracy bhi expected se bohot kam thi, ab pehle data clean karke dobara preprocess karna parega aur phir carefully se training dobara run karni hogi.",مورولٹرین کا نستار کیا تھا لیکن دیٹرسٹ این بلس نکلہ اور ایک رسی بھی ایک سپائٹڈ سے بہت کم تھی۔ اپلے دیٹا کلین کرتے دبارہ پڑھا پڑھا پڑھا سکرنا پڑے گا۔ وپیھ ایک کیر فلیس سے ٹرینک دبارہ رنکنی ہوگی۔,1.111111111
Muhammad_Musab_C04.wav,Muhammad_Musab,C,"Client ne initially sab kuch approve kiya tha lekin ab suddenly requirements change kar di hain aur poora workflow dobara design karna parega, delivery timeline bhi extend hogi aur is wajah se budget bhi seriously affect hoga.",کلائن ایمیشلی سب کچھ اپروف کیا تھا لیکن اپسڑنے لیکن اپس چینج کر دی ہے اور پورا و اپسڑ دوبارا دیزائن کرنا پڑے گا لیکن اپنے لیکن اپسڑنے لیکن اپسڑنے لیکن اپسڑنے لیکن اپسڑنے لیکن اپسڑنے لیکن اپسڑنے لیکن اپسڑنے لیکن اپسڑنے لیکن اپسڑنے لیکن اپسڑنے لیکن اپسڑنے لیکن اپسڑنے لیکن اپسڑنے لیکن اپسڑنے لیکن اپسڑنے لیکن اپسڑنے لیکن اپسڑنے لیکن اپسڑنے لیکن اپسڑنے لیکن اپسڑنے لیکن اپسڑنے لیکن اپسڑنے لیکن اپسڑنے لیکن اپسڑنے لیکن اپسڑنے لیکن اپسڑنے لیکن اپسڑنے لیکن اپسڑنے لیکن اپسڑنے لیکن اپسڑنے لیکن اپسڑنے لیکن اپسڑنے لیکن اپسڑنے لیکن اپسڑنے لیکن اپسڑنے لیکن اپسڑنے لیکن,2.675675676
Muhammad_Musab_C05.wav,Muhammad_Musab,C,"Yaar I was literally telling him ke agar tum chahte ho ke results actually good aayein to proper effort lagana parega, yeh jo shortcut wala approach hai woh long term mein kabhi bhi kaam nahi karta seriously.",یار ایبا لکلی ٹالی ام کیا اگر تم چاہتے اوکری دار ایک چلی گوڑائیں تو پروپ پر افڑا گنا پڑے گا یہ جو شورکر والا پروچ ہے وہ لونٹ ہوں میں کبھی بھی کام نہیں کرتا سیرسلی,1
Muhammad_Musab_C06.wav,Muhammad_Musab,C,"Honestly project almost done hai lekin backend mein abhi bhi kuch major issues hain aur frontend pe bhi bugs fix nahi hue, sab kuch before deployment theek karna parega warna production mein serious problems aayengi.",خونرسلی پڑھیک ارمس دن ہے لیکن بیکن میں ابھی بھی کچھ میجر اشفوز ہے اور فانٹر میں بھی بغس فکس نہیں ہوئے سب کچھ بھی فور دپلویمان ٹی کرنا پڑے گا پڑنا پڑڈکشن میں سیڈیس پروبلو آئیں گے,1.085714286
Muhammad_Musab_C07.wav,Muhammad_Musab,C,"Meeting mein usne clearly said kiya ke budget approved ho gaya hai, ab sirf proper implementation bacha hai aur poori team ko start karne se pehle achhi tarah onboard karna hoga taki sab same page par hon.",میٹینگ میں اس نے قیلیلی سات کیا کہ مجھر پروب ہو گیا اپسیر پروپر ایمیڈیشن بچا ہے اور پوڑی ٹیم گوستھا کرنے اس پر لے اچی طرح انبوڑ کرنا ہو گا دا کے سب same پیج پر ہوں,1
Muhammad_Musab_C08.wav,Muhammad_Musab,C,"Is machine learning model ki accuracy theek hai lekin precision aur recall dono kaafi low hain, isliye hyperparameters tune karne parenye aur shayad aur zyada training data collect karna parega behtar results ke liye.",اس Machine Learning Model کی ایک رسی تک ہے لیکن بسین اور Recalls دونوں کافی لوہ ہے اسی ہائپر پیرمیٹر سٹیون کرنا پڑے اور شائز اور زیار ٹرینیگ ردک پڑک کرنا پڑے گا ویتر تیزڈس کے لئے,1
Muhammad_Musab_C09.wav,Muhammad_Musab,C,"Usne apni presentation confidently deliver ki aur saare key points clearly cover kiye, lekin question answer session mein kuch technical queries pe woh stuck ho gaya aur judges ka confidence thoda shake hua usse.",اس نے اپنی پیمینیشن کوفن دنی لیلیور کی او سارے کی پانچ پڑی لیلی کن کیے ایک ایک ایک ایک ایک ایک ایک ایک ایک ایک ایک ایک ایک ایک ایک ایک ایک ایک ایک ایک ایک ایک ایک ایک ایک ایک ایک ایک ایک ایک ایک ایک ایک ایک ایک ایک ایک ایک ایک ایک ایک ایک ایک ایک ایک ایک ایک ایک ایک ایک ایک ایک ایک ایک ایک ایک ایک ایک ایک ایک ایک ایک ایک ایک ایک ایک ایک ایک ایک ایک ایک ایک ایک ایک ایک ایک ایک ایک ایک ایک ایک ایک ایک ایک ایک ایک ایک ایک ایک ایک ایک ایک ایک ایک ایک ایک ایک ایک ایک ایک ایک ایک ایک ایک ایک ایک ایک ایک ایک ایک ایک ایک ایک ایک ایک ایک ایک ایک ایک ایک ایک ایک ایک ایک ایک ایک ایک ایک ایک ایک ایک ایک ایک ایک ایک ایک ایک ایک ایک ایک ایک ایک ایک ایک ایک ایک ایک ایک ایک ایک ایک ایک ایک ایک ایک ایک ایک ایک ایک ایک ایک ایک ایک ایک ایک ایک ایک ایک ایک ایک ایک ایک ایک ایک ایک ایک ایک ایک ایک ایک ایک ایک ایک ایک ایک ایک ایک ایک ایک ایک ایک ایک ایک ایک ایک ایک ایک ایک ا,6.323529412
Muhammad_Musab_C10.wav,Muhammad_Musab,C,"Maine usse clearly instruction di thi ke feature implement karne se pehle properly test karo, lekin usne directly production mein push kar diya aur ab system down hai aur saare users affected hain, yeh bohot badi mistake thi.",میں نے اسے کلیلی ایسٹرکشن دیتھی کے فیچھے ایمیر کنی اس پہلے پروپنڈیو تسکور ہوگے کیوں اسے درائگلی بڑکشن میں پوش کر دیا اور سب سیستن down ہے اور سارے ایوزر فکٹن ہے یہ بہت بڑی میں سٹیک تھی,1
Noumantanveer_A01.wav,Noumantanveer,A,"Kal sham tak saray documents media par nashar kar diye jayen ge, is mein koi delay nahi honi chahiye.",کل شام تکھر دکومنٹس میڈیا پر نشر کر دیئے جائیں گے اس میں پویڈلیں نہیں ہونا چاہئے,1
Noumantanveer_A02.wav,Noumantanveer,A,"Yeh meeting abhi cancel nahi hogi, boss ne personally confirm kiya hai aur sab ko attend karna hoga.",یہ میٹنگہ بھی گانسل نہیں ہوگی بوص نی پرسنلی کنفام کیا ہے اور سب کو اٹنگنا ہوگا,1
Noumantanveer_A03.wav,Noumantanveer,A,"Project ka final review kal subah hoga, isliye aaj raat tak apna kaam complete kar lo aur tayar raho.",پروجیکٹ کا فائنے لڑویو کل سبہ ہو گا اس لیے آج راتاگ اپنا کام کم پیٹ کر لو پو تیار ہو,1.105263158
Noumantanveer_A04.wav,Noumantanveer,A,"Uska performance is semester mein kaafi improve hua hai, professors bhi usse appreciate kar rahe hain.",اس کا پر فومنس اس سمسٹر میں کافی انبروح ہوا ہے پر پیسر بھی اسے اپریشیٹ کا رہے ہیں,1.1875
Noumantanveer_A05.wav,Noumantanveer,A,"System crash ho gaya tha isliye sara data delete ho gaya, ab se regular backup lena zaroori hai.",سیستم کریش ہو گیا تھا اس لیے سارہ تڑڑڑڑڑڑڑڑڑڑڑڑڑڑڑڑڑڑڑڑڑڑڑڑڑڑڑڑڑڑڑڑڑڑڑڑڑڑڑڑڑڑڑڑڑڑڑڑڑڑڑڑڑڑڑڑڑڑڑڑڑڑڑڑڑڑڑڑڑڑڑڑڑڑڑڑڑڑڑڑڑڑڑڑڑڑڑڑڑڑڑڑڑڑڑڑڑڑڑڑڑڑڑڑڑڑڑڑڑڑڑڑڑڑڑڑڑڑڑڑڑڑڑڑڑڑڑڑڑڑڑڑڑڑڑڑڑڑڑڑڑڑڑڑڑڑڑڑڑڑڑڑڑڑڑڑڑڑڑڑڑڑڑڑڑڑڑڑڑڑڑڑڑڑڑڑڑڑڑڑڑڑڑڑڑڑڑڑڑڑڑڑڑڑڑڑڑڑڑڑڑڑڑڑڑڑڑڑڑڑڑڑ,1
Noumantanveer_A06.wav,Noumantanveer,A,"Mujhe yeh project deadline tak submit karna hai, warna marks cut ho jayenge aur GPA affect hoga.",مجھے یہ پروجرڈلین تک سمیڈ پڑنا ہے اوڑنا ماغسکٹ ہو جائیں گے اوڑی پی افکٹ ہوگا,1
Noumantanveer_A07.wav,Noumantanveer,A,"Woh bahut professional banda hai, usse seriously lo aur uski feedback ko ignore mat karo bilkul.",وہ بہت پر فیشنل بندہ ہے اسے سیریس لو اور اس کی فیرد بید کو ادنار مد کر بلکل,1.1875
Noumantanveer_A08.wav,Noumantanveer,A,"Yeh issue abhi tak resolve nahi hua, please follow up karo aur team ko kal tak update karte rehna.",یہ ایشو ابھیتاگ ریسولف نہیں ہوا، پلیس پھولو اپکڑو اور ٹیم کو کل تک افڈیڈ کرتے رہنا,1
Noumantanveer_A10.wav,Noumantanveer,A,"Assignment ka deadline extend hua kya is bar, kyunki main kuch din se bohot busy tha aur poora nahi ho paya.",اسائیمان کیڑڑ لین اکستاند ہوا کیا اس بار کیونکہ میں کچھ دن سے بہت بیزی تھا اور پورا نہیں پوپایا,1
Noumantanveer_B01.wav,Noumantanveer,B,Maine usse baar baar clearly explain kiya tha lekin usne properly respond nahi kiya aur ab poora project stuck ho gaya hai.,میں اُسے بار بارک لیلی ایک سپلین کیا تھا لیکن اُس نے پروپرلیری سپون نہیں کیا اور اپور اپروجاک سٹاک ہو گیا ہے,1.045454545
Noumantanveer_B02.wav,Noumantanveer,B,"Deadline extend nahi hogi is bar, tum apna remaining work aaj raat hi complete karke tonight submit kar do please.",دیدلین اکسٹرینڈ نہیں ہوگی اس بار تم اپناڈی میننگ ورک آج رات ہی کمپیڈ کر کے بنایڈ سملٹ کر دو پلیز,1.05
Noumantanveer_B03.wav,Noumantanveer,B,Yeh approach technically correct lag rahi hai lekin practically implement karna bohot mushkil hoga available limited resources ke saath.,یہ اپروش نقنیقلی کو ریقتلاگ رہی ہے لیکن امپلیمان کرنہ بہت مشکل ہوگا ویلولیمٹرٹی سوٹس کے ساتھ,1
Noumantanveer_B04.wav,Noumantanveer,B,Usne presentation to deliver kar di lekin saare key points theek se cover hi nahi kiye the aur audience kaafi confused ho gayi.,اُس نے پڑیدنٹیشن دوڑ لیور کر دی لیکن سارے کی پونڈ سٹیک سے قوار ہی نہیں کیے تھے اور اوڑینز کافی کنفیوز ہو بھی۔,1.043478261
Noumantanveer_B05.wav,Noumantanveer,B,"Report ko achhi tarah finalize karo aur phir manager ko detailed email kar do, yeh sab kuch before evening ho jana chahiye.",دی پوڑ کو اچی طرح فائنیلیس پر آر پر بینجر پوڑیٹیل ایمل کار دو ایس سب کچھ بھی فور ایوینگ ہو جانا چاہیے,1.045454545
Noumantanveer_B06.wav,Noumantanveer,B,"Dataset collection ke liye hum Google Forms use kar sakte hain, it is the easiest option aur sab ke liye equally accessible bhi hai.",دیٹس کلکشن کے لیے گول فوم زیوز کرر سکتے ہیں ایٹس دی ایسیست اپشن اور سب کے لیے ایکوالی ایساسی بل بھی ہے,1
Noumantanveer_B07.wav,Noumantanveer,B,"Internship ke liye abhi apply karo, the deadline is next Friday aur online form available hai, is baar late mat karna bilkul.",انتمشپ کے لئے ابھی اپلائے کو رو دیڑڈائن ایس نکس فرڑڑے اور اوللین فرم اویلبل ہے ایس بارڈڈ مدھ کرنا بلکل,1
Noumantanveer_B08.wav,Noumantanveer,B,"Research paper submit karne se pehle achhi tarah plagiarism check karo, journal ke strict rules hain aur rejection afford nahi kar sakte.",ریسرچ پیپر سبڑٹ کرنے سے پہلے اچھی طرح پلیریزم چیک کرو جیرنل کی سٹریکٹ روز ہے ہوڑ جیکشنگ افوڑ نہیں کر سکتے,1
Noumantanveer_B09.wav,Noumantanveer,B,Usne interview mein confidently sawal to answer kiye lekin technical questions pe stuck ho gaya aur interviewer clearly impressed nahi tha.,اُس نے انترویوں میں کونفیڈنٹلیس وال تو انسر کیے لیکن تکنگی لیکوشتن بیسٹاک ہوگیا اور انترویور کلیں برس نہیں تھا,1
Noumantanveer_B10.wav,Noumantanveer,B,Team ne feature successfully implement kar diya lekin testing phase mein multiple critical bugs nikle jo pehle notice hi nahi hue the.,پین نی فیچر سچ اکس فلی ایمپلیمد کر دیا لیکن تسٹن پیس میں ملٹیپل کریٹکل باغز نکلے جو پہلے نوٹی سی نہیں ہوئے تھے,1.090909091
Noumantanveer_C01.wav,Noumantanveer,C,"Bhai honestly baat karein to yeh system properly designed nahi hai, backend bohot slow hai aur frontend pe bhi serious bugs hain jo weeks se fix nahi hue, team ko yeh sab immediately address karna chahiye tha.",بھئی آنسلی بات کرنے تو یہ سسٹم پروپلی دیزائن نہیں ہے بیکن بہت سلو ہے اور فرنٹ اینٹ پیس سیریس بگز ہے جو ویق سے فیکس نہیں ہوئے تیم کو یہ سب ایمیٹٹلی ادرس کرنا چاہیے تھا,1
Noumantanveer_C02.wav,Noumantanveer,C,"Maine usse multiple times remind kiya tha lekin usne task assign karne ke baad koi proper follow-up nahi ki aur ab deadline miss ho gayi, client bohot upset hai aur situation handle karna din ba din mushkil ho raha hai.",میں نے اسے مٹیپل ٹیمزری مائن کیا تھا لیکن اسنیت از اگین کرنےش کے بات کوئی پروپر فولو اپنے ہی کی اور اب اڈگلین مز ہو گئی قلین بہت اپسٹ ہے اور سب سویشن ہندل کرنا دین بہت دین مشکل ہو رہا ہے,1.075
Noumantanveer_C03.wav,Noumantanveer,C,"Model train karna start kiya tha lekin dataset imbalanced nikla aur accuracy bhi expected se bohot kam thi, ab pehle data clean karke dobara preprocess karna parega aur phir carefully se training dobara run karni hogi.",موڑڑڈڈڈڈڈڈڈڈڈڈڈڈڈڈڈڈڈڈڈڈڈڈڈڈڈڈڈڈڈڈڈڈڈڈڈڈڈڈڈڈڈڈڈڈڈڈڈڈڈڈڈڈڈڈڈڈڈڈڈڈڈڈڈڈڈڈڈڈڈڈڈڈڈڈڈڈڈڈڈڈڈ,1
Noumantanveer_C04.wav,Noumantanveer,C,"Client ne initially sab kuch approve kiya tha lekin ab suddenly requirements change kar di hain aur poora workflow dobara design karna parega, delivery timeline bhi extend hogi aur is wajah se budget bhi seriously affect hoga.",پلان نی لجدی سب کوش پروف کیا تھا لیکن اپسٹنلی رکوائرمنٹ سجنج کر دی ہے اور پورا ورک پلوض بارہ دیزائن کرنا پڑے کرنا پڑے کر دیلیوری ٹیمیان بی ایک سٹنڈ ہو گئی اور اس وجہ سے بجد بیسی ریسلی افکٹڈ ہو گیا,1.162162162
Noumantanveer_C05.wav,Noumantanveer,C,"Yaar I was literally telling him ke agar tum chahte ho ke results actually good aayein to proper effort lagana parega, yeh jo shortcut wala approach hai woh long term mein kabhi bhi kaam nahi karta seriously.",یہ جو شوٹ پٹوالہ اپروج ہے وہ لونٹم میں کبھی بھی کام نہیں کر سکتا سیریسلی,1
Noumantanveer_C06.wav,Noumantanveer,C,"Honestly project almost done hai lekin backend mein abhi bhi kuch major issues hain aur frontend pe bhi bugs fix nahi hue, sab kuch before deployment theek karna parega warna production mein serious problems aayengi.",اُن اُسی پر اجھر اُل مُس دوان ہے لیکن بیکٹ میں اب بی کچھ مجر ایشول ہے اور پناٹنٹٹ بی بلکسٹکس نہیں ہوئے سب کچھ بھی پڑی پڑی پڑی پڑی پڑی پڑی پڑی پڑی پڑی پڑی پڑی پڑی پڑی پڑی پڑی پڑی پڑی پڑی پڑی پڑی پڑی پڑی پڑی پڑی پڑی پڑی پڑی پڑی پڑی پڑی پڑی پڑی پڑی پڑی پڑی پڑی پڑی پڑی پڑی پڑی پڑی پڑی پڑی پڑی پڑی پڑی پڑی پڑی پڑی پڑی پڑی پڑی پڑی پڑی پڑی پڑی پڑی پڑی پڑی پڑی پڑی پڑی پڑی پڑی پڑی پڑی پڑی پڑی پڑی پڑی پڑی پڑی پڑی پڑی پڑی پڑی پڑی پڑی پڑی پڑی پڑی پڑی پڑی پڑی پڑی پڑی پڑی پڑی پڑی پڑی پڑی پڑی پڑی,3.4
Noumantanveer_C07.wav,Noumantanveer,C,"Meeting mein usne clearly said kiya ke budget approved ho gaya hai, ab sirf proper implementation bacha hai aur poori team ko start karne se pehle achhi tarah onboard karna hoga taki sab same page par hon.",میٹنگ میں اس نے قیلی سیڈ کیا کے بجرد بروڈ ہو گیا ہے اب صرف پر امیلیمانٹیشن بچیا ہے اور پولی ٹیم کو start کرنے سے پہلے اچیتا آنبور کرنا ہو گا تکہ سب سے پیش پر ہوں,1
Noumantanveer_C08.wav,Noumantanveer,C,"Is machine learning model ki accuracy theek hai lekin precision aur recall dono kaafi low hain, isliye hyperparameters tune karne parenye aur shayad aur zyada training data collect karna parega behtar results ke liye.",ایس مشین لنیگ موڈل کی اکرسی ٹھیک ہے لیکن پریجر پریسیزم اوڑی قول دونوں کافی لون ہے اس لیے ہیپر پر میٹرس تونے کرنے پڑیں گے پوڑ شاید پوڑ زیادہ ٹرینیگ دیٹھا کلکٹ کرنا پڑے گا بہتر ایزڈ کے لیے,1.176470588
Noumantanveer_C09.wav,Noumantanveer,C,"Usne apni presentation confidently deliver ki aur saare key points clearly cover kiye, lekin question answer session mein kuch technical queries pe woh stuck ho gaya aur judges ka confidence thoda shake hua usse.",ان اُس نے اپنی بریدنٹیشن کنفیڈیٹلی ٹریوال کی اور سارے کی اپنیڈیڈیڈیڈیڈیڈیڈیڈیڈیڈیڈیڈیڈیڈیڈیڈیڈیڈیڈیڈیڈیڈیڈیڈیڈیڈیڈیڈیڈیڈیڈیڈیڈیڈیڈیڈیڈیڈیڈیڈیڈیڈیڈیڈیڈیڈیڈیڈیڈیڈیڈیڈیڈیڈیڈیڈیڈیڈیڈیڈیڈیڈیڈیڈیڈیڈیڈیڈیڈیڈیڈیڈیڈیڈیڈیڈیڈیڈیڈیڈیڈیڈیڈیڈیڈیڈیڈیڈیڈیڈیڈیڈیڈیڈیڈیڈیڈیڈیڈیڈیڈیڈیڈیڈیڈیڈیڈیڈیڈیڈیڈیڈیڈیڈیڈیڈیڈیڈیڈیڈیڈیڈیڈیڈیڈیڈیڈیڈیڈیڈیڈیڈیڈیڈ,1
Noumantanveer_C10.wav,Noumantanveer,C,"Maine usse clearly instruction di thi ke feature implement karne se pehle properly test karo, lekin usne directly production mein push kar diya aur ab system down hai aur saare users affected hain, yeh bohot badi mistake thi.",میں نے اس رکلیڈ انسٹرکشن دی تھی کہ فیچہ ریمت کرنے سے پہلے پروپڑی تسکورو لیکن اس نے رکلیڈ پروٹکشن میں پوش کر دیا اور اب سیسٹم دون ہے اور سارے یوزر افکڑ ہے یہ بہت بڑی میں سٹیک تھی,1.052631579
Zayan_Amjad_A01.wav,Zayan_Amjad,A,"Kal sham tak saray documents media par nashar kar diye jayen ge, is mein koi delay nahi honi chahiye.",کل شام تک ساری دوکیمنٹ سنیریہ پر نشر پر دیگے جائیں گے اس میں کوئی دلے نہیں ہونے چاہئے,1
Zayan_Amjad_A02.wav,Zayan_Amjad,A,"Yeh meeting abhi cancel nahi hogi, boss ne personally confirm kiya hai aur sab ko attend karna hoga.",یہ میٹنگ ابھی کنسل نہیں ہوگی۔ بہت نے پیسنیری کنفرم کیا ہے اور سب کوٹنگ کرنے ہوگا۔,1
Zayan_Amjad_A03.wav,Zayan_Amjad,A,"Project ka final review kal subah hoga, isliye aaj raat tak apna kaam complete kar lo aur tayar raho.",پر جیکٹ کا فائنے ربیو کل سوبا ہوگا اسلے آج رات تک اپنا گام کمپلیٹ کرلو ہوتے آ رہو,1
Zayan_Amjad_A04.wav,Zayan_Amjad,A,"Uska performance is semester mein kaafi improve hua hai, professors bhi usse appreciate kar rahe hain.",اس کا بفومتس اس سے مسترمہ کافی ان پروگو ہے پروفسس بھی اسے اپرشیٹ کر رہے ہیں,1.0625
Zayan_Amjad_A05.wav,Zayan_Amjad,A,"System crash ho gaya tha isliye sara data delete ho gaya, ab se regular backup lena zaroori hai.",سیسٹم قریش ہو گیا تھا اسلی سارا دیتہ دلیٹ ہو گیا اب سے رگلر بکپ لینہ ضروری ہے,1
Zayan_Amjad_A06.wav,Zayan_Amjad,A,"Mujhe yeh project deadline tak submit karna hai, warna marks cut ho jayenge aur GPA affect hoga.",مجھے یہ پر جیک دید لین تک سمیٹ کرنا ہے اونا ماکس کا توجیں گے و جپی افیکٹ ہو لہا,1.176470588
Zayan_Amjad_A07.wav,Zayan_Amjad,A,"Woh bahut professional banda hai, usse seriously lo aur uski feedback ko ignore mat karo bilkul.",وہاں بہت پر فشنہ بن دا ہے اسے سیڑیس لیلو اور اس کی فید میں کو اِنوال مات کرو بلکل,1.25
Zayan_Amjad_A08.wav,Zayan_Amjad,A,"Yeh issue abhi tak resolve nahi hua, please follow up karo aur team ko kal tak update karte rehna.",یہ ایشو بھی تک رزال نہیں ہوا۔ لیس حولوا پکروف اور ٹیم کو قلتک بڑیٹ کرتے رہنا,1
Zayan_Amjad_A09.wav,Zayan_Amjad,A,"Mera laptop ki battery bohot jaldi low ho jati hai, agar charger hai to please lao warna kaam ruk jayega.",میرے لپٹوپ کی بیٹری بہت جلدی لوگ ہو جاتی ہے اگر چاہجر ہے تو پلیز لوگ انا کام رک چاہے گا,1.05
Zayan_Amjad_A10.wav,Zayan_Amjad,A,"Assignment ka deadline extend hua kya is bar, kyunki main kuch din se bohot busy tha aur poora nahi ho paya.",سائمینٹ کا دیدلائیں نکستند ہوا کیا اس بہت کیا میں کچھ دن سے بہت بزی تھا اور پر آنے ہوں پیا,1
Zayan_Amjad_B01.wav,Zayan_Amjad,B,Maine usse baar baar clearly explain kiya tha lekin usne properly respond nahi kiya aur ab poora project stuck ho gaya hai.,میں نے اسے باربہ کلیر لئے ایک سپین کیا تھا۔ لیکن اس نے پروپھولی رسپون نہیں کیا اور اب پورا پجرٹستاک ہو گیا۔,1.045454545
Zayan_Amjad_B02.wav,Zayan_Amjad,B,"Deadline extend nahi hogi is bar, tum apna remaining work aaj raat hi complete karke tonight submit kar do please.",دیدلائی نکستان نہیں ہو گئی اس پر تو اپنا ریمیمینگ ورک آج شراثی قاملیٹ کر کے سونایٹ سمیٹ کر دو پلیس,1.05
Zayan_Amjad_B03.wav,Zayan_Amjad,B,Yeh approach technically correct lag rahi hai lekin practically implement karna bohot mushkil hoga available limited resources ke saath.,یہ اپروش ٹیکنی کراک لگری ہے، لیکن ٹیکٹیکل ایمپلیمٹ کرنا بہت مشکل ہوگا، اویلیپل لیمیٹر ایسوز اس کے ساتھ,1
Zayan_Amjad_B04.wav,Zayan_Amjad,B,Usne presentation to deliver kar di lekin saare key points theek se cover hi nahi kiye the aur audience kaafi confused ho gayi.,پسنے پیزنٹیشنٹرڈ لیوری کر دی لیکن سارے کی پنٹ سٹیک سے گور ہی نہیں کیے تھے اور دینس کافی کن فیلز ہو گئے,1
Zayan_Amjad_B05.wav,Zayan_Amjad,B,"Report ko achhi tarah finalize karo aur phir manager ko detailed email kar do, yeh sab kuch before evening ho jana chahiye.",ریپورٹ کو چی طرح فائنیلیس کرو اور پھر مینجز کو دیٹیل ایمیل کر دو یہ سب کچھ بھی فور ایبنگ ہو جانا چاہیے,1.045454545
Zayan_Amjad_B06.wav,Zayan_Amjad,B,"Dataset collection ke liye hum Google Forms use kar sakte hain, it is the easiest option aur sab ke liye equally accessible bhi hai.",نتست پیلکشن کے لئے ہم گول فارم سویوس کا سکتے ہیں. It is the easiest option or sub کے لئے ایک سسے بلوی ہے.,0.791666667
Zayan_Amjad_B07.wav,Zayan_Amjad,B,"Internship ke liye abhi apply karo, the deadline is next Friday aur online form available hai, is baar late mat karna bilkul.",انٹرنشپ کے لئے اب ہی اپلائے کرو. the deadline is next Friday or online form available. اسبہ لگٹمت کرنا بلکل.,0.727272727
Zayan_Amjad_B08.wav,Zayan_Amjad,B,"Research paper submit karne se pehle achhi tarah plagiarism check karo, journal ke strict rules hain aur rejection afford nahi kar sakte.",ریسرش پیپر سببڑ کرنے سے پہلے اچیزا ریزم چاک کرو جانل کے سٹرک روز ہیں اور رجیکشن افورد نہیں کا سکتے,1
Zayan_Amjad_B09.wav,Zayan_Amjad,B,Usne interview mein confidently sawal to answer kiye lekin technical questions pe stuck ho gaya aur interviewer clearly impressed nahi tha.,اس نے انٹریو میں کونکنٹلی سوال تو انسر کیے لیکن ٹیکنیتر پوشنس پسٹا پو گیا اور انٹریویور پیلی امپرسٹ نہیں تھا,1
Zayan_Amjad_B10.wav,Zayan_Amjad,B,Team ne feature successfully implement kar diya lekin testing phase mein multiple critical bugs nikle jo pehle notice hi nahi hue the.,ٹیم نے فیچر سکسسفلی امپلیمینٹ پر دیا لیکن ٹیسٹنگ فیزمیم ملٹیپل پریٹکل بگز نکلے جو پہلے نورٹسی نہیں ہوتا ہے,1
Zayan_Amjad_C01.wav,Zayan_Amjad,C,"Bhai honestly baat karein to yeh system properly designed nahi hai, backend bohot slow hai aur frontend pe bhi serious bugs hain jo weeks se fix nahi hue, team ko yeh sab immediately address karna chahiye tha.",بہی اُن ایسلی بات کریں تو یہ سیسٹم پروپڑلی دیزائنڈ نہیں ہے بیکنڈ بہت سلوے اور فرنٹن پی بھی سیس بگزائن جو ویکس سے فکس نہیں ہوئے ٹیم کو یہ سب ایمیجیٹلی ایڈرس کرنا چاہئے تھا,1
Zayan_Amjad_C02.wav,Zayan_Amjad,C,"Maine usse multiple times remind kiya tha lekin usne task assign karne ke baad koi proper follow-up nahi ki aur ab deadline miss ho gayi, client bohot upset hai aur situation handle karna din ba din mushkil ho raha hai.",میں نے اسے ملٹیمل ٹیمس ریمائیٹ کیا تھا لیکن اس نے ٹاس کا سائن کرنے کے بعد کوئی پروپر فولو اپنے ہی نہیں گی اور اب دیدلائن میں سو گئے پلائنڈ وہتہ بسیٹ ہے اور سیٹشن ہندل کرنا دن بدا نمشکل ہو رہا ہے,1.1
Zayan_Amjad_C03.wav,Zayan_Amjad,C,"Model train karna start kiya tha lekin dataset imbalanced nikla aur accuracy bhi expected se bohot kam thi, ab pehle data clean karke dobara preprocess karna parega aur phir carefully se training dobara run karni hogi.",مولٹرین کرنا start کیا تھا لیکن data set im balance niklao ڈپڑی رسی بھی ایک سپیکٹڑ سے کب بہت کامتھی اب پہلے data clean کر کے دبارہ پڑی پر سس کرنا پڑے گا اور پھر تیر فلی سے ترینین دبارہ ران کرنی ہو گیا,1.166666667
Zayan_Amjad_C04.wav,Zayan_Amjad,C,"Client ne initially sab kuch approve kiya tha lekin ab suddenly requirements change kar di hain aur poora workflow dobara design karna parega, delivery timeline bhi extend hogi aur is wajah se budget bhi seriously affect hoga.",قلائنٹ نے اینیشلے سب کو چھو پروف کیا تھا لیکن اب سدرنلی رکوائمٹ شنج کر دی ہیں اور پورا ورکفلو دبرا دیزائن کرنا پڑے گا دلیوری ٹائم بیکستاند ہوگی اور اس ویہ سب بجد بیسی ایسلی افیکٹ ہوگا,1.027027027
Zayan_Amjad_C05.wav,Zayan_Amjad,C,"Yaar I was literally telling him ke agar tum chahte ho ke results actually good aayein to proper effort lagana parega, yeh jo shortcut wala approach hai woh long term mein kabhi bhi kaam nahi karta seriously.",ایک ایک ایک ایک ایک ایک ایک ایک ایک ایک ایک ایک ایک ایک ایک ایک ایک ایک ایک ایک ایک ایک ایک ایک ایک ایک ایک ایک ایک ایک ایک ایک ایک ایک ایک ایک ایک ایک ایک ایک ایک ایک ایک ایک ایک ایک ایک ایک ایک ایک ایک ایک ایک ایک ایک ایک ایک ایک ایک ایک ایک ایک ایک ایک ایک ایک ایک ایک ایک ایک ایک ایک ایک ایک ایک ایک ایک ایک ایک ایک ایک ایک ایک ایک ایک ایک ایک ایک ایک ایک ایک ایک ایک ایک ایک ایک ایک ایک ایک ایک ایک ایک ایک ایک ایک ایک ایک ایک ایک ایک ایک ایک ایک ایک ایک ایک ایک ایک ایک ایک ایک ایک ایک ایک ایک ایک ایک ایک ایک ایک ایک ایک ایک ایک ایک ایک ایک ایک ایک ایک ایک ایک ایک ایک ایک ایک ایک ایک ایک ایک ایک ایک ایک ایک ایک ایک ایک ایک ایک ایک ایک ایک ایک ایک ایک ایک ایک ایک ایک ایک ایک ایک ایک ایک ایک ایک ایک ایک ایک ایک ایک ایک ایک ایک ایک ایک ایک ایک ایک ایک ایک ایک ایک ایک ایک ایک ایک ایک ایک ایک ایک ایک ایک ایک ایک ایک ایک ایک ایک ایک ایک ایک ایک ایک ایک ایک ایک ایک ایک ایک ایک ایک,6
Zayan_Amjad_C06.wav,Zayan_Amjad,C,"Honestly project almost done hai lekin backend mein abhi bhi kuch major issues hain aur frontend pe bhi bugs fix nahi hue, sab kuch before deployment theek karna parega warna production mein serious problems aayengi.",اُنسلی پر جیگت اُالموسک دانا لیکن بیکن میں ابھی بھی کچھ مجر ایشوز ہے اور فرنٹن پیبی بکس فکس نہیں ہوئے سب کچھ بھی فورد اپنے تیکھ کرنا بڑے گا ورنا پر دیکھشن میں سیریس پروبلوم سائیں گی,1.085714286
Zayan_Amjad_C07.wav,Zayan_Amjad,C,"Meeting mein usne clearly said kiya ke budget approved ho gaya hai, ab sirf proper implementation bacha hai aur poori team ko start karne se pehle achhi tarah onboard karna hoga taki sab same page par hon.",میٹنگ میں اس نے قلیلی سد کیا کہ بجد اپروگڈ ہو گیا ہے اپسید پر پر اپلیمیٹیشن بچا ہے اور پوری ٹیم کو سٹارٹ کرنے سے پہلے اچی درہ اونوڈ کرنا ہو گا تاکی سب سیم پیچ پیچ پروں,1.054054054
Zayan_Amjad_C08.wav,Zayan_Amjad,C,"Is machine learning model ki accuracy theek hai lekin precision aur recall dono kaafi low hain, isliye hyperparameters tune karne parenye aur shayad aur zyada training data collect karna parega behtar results ke liye.",اس مشینلنگ مورڈل کی اکیر ایسی تک ہے لیکن پر سیجن اور ریکال دونوں کا فیلوں ہیں اس لئے ہیپر پیرمیٹس دیون کرنے پڑیں گے اور شاہید او او از ایڈرینگ دیٹا کلک کرنا پڑے گا بہت رزلس کے لئے,1.176470588
Zayan_Amjad_C09.wav,Zayan_Amjad,C,"Usne apni presentation confidently deliver ki aur saare key points clearly cover kiye, lekin question answer session mein kuch technical queries pe woh stuck ho gaya aur judges ka confidence thoda shake hua usse.",اس نے اپٹر پیزنٹیشن کنفیرنٹلید لیگر کی اور سارے کی پیرنٹس کلیر لیکاور کی ہے لیکن بسجن آنسیشن میں کچھ تکنیکل کیوریس پہ اسٹرک ہو گیا اور جیزیس کا کنفیرنٹس تھوڑا شیک ہوا اس کے اب پس ہے,1.117647059
Zayan_Amjad_C10.wav,Zayan_Amjad,C,"Maine usse clearly instruction di thi ke feature implement karne se pehle properly test karo, lekin usne directly production mein push kar diya aur ab system down hai aur saare users affected hain, yeh bohot badi mistake thi.",ایک ایک ایک ایک ایک ایک ایک ایک ایک ایک ایک ایک ایک ایک ایک ایک ایک ایک ایک ایک ایک ایک ایک ایک ایک ایک ایک ایک ایک ایک ایک ایک ایک ایک ایک ایک ایک ایک ایک ایک ایک ایک ایک ایک ایک ایک ایک ایک ایک ایک ایک ایک ایک ایک ایک ایک ایک ایک ایک ایک ایک ایک ایک ایک ایک ایک ایک ایک ایک ایک ایک ایک ایک ایک ایک ایک ایک ایک ایک ایک ایک ایک ایک ایک ایک ایک ایک ایک ایک ایک ایک ایک ایک ایک ایک ایک ایک ایک ایک ایک ایک ایک ایک ایک ایک ایک ایک ایک ایک ایک ایک ایک ایک ایک ایک ایک ایک ایک ایک ایک ایک ایک ایک ایک ایک ایک ایک ایک ایک ایک ایک ایک ایک ایک ایک ایک ایک ایک ایک ایک ایک ایک ایک ایک ایک ایک ایک ایک ایک ایک ایک ایک ایک ایک ایک ایک ایک ایک ایک ایک ایک ایک ایک ایک ایک ایک ایک ایک ایک ایک ایک ایک ایک ایک ایک ایک ایک ایک ایک ایک ایک ایک ایک ایک ایک ایک ایک ایک ایک ایک ایک ایک ایک ایک ایک ایک ایک ایک ایک ایک ایک ایک ایک ایک ایک ایک ایک ایک ایک ایک ایک ایک ایک ایک ایک ایک ایک ایک ایک ایک ایک ایک,5.842105263
